date,route,vessel_class,cargo_type,rate_usd_per_mt
2024-09-01,Australia-Paradip,Supramax,Coal,24.79
2024-09-02,Australia-Paradip,Supramax,Coal,25.33
2024-09-03,Australia-Paradip,Supramax,Coal,25.08
2024-09-04,Australia-Paradip,Supramax,Coal,24.73
2024-09-05,Australia-Paradip,Supramax,Coal,24.03
2024-09-06,Australia-Paradip,Supramax,Coal,23.65
2024-09-07,Australia-Paradip,Supramax,Coal,24.27
2024-09-08,Australia-Paradip,Supramax,Coal,24.65
2024-09-09,Australia-Paradip,Supramax,Coal,24.15
2024-09-10,Australia-Paradip,Supramax,Coal,24.06
2024-09-11,Australia-Paradip,Supramax,Coal,25.3
2024-09-12,Australia-Paradip,Supramax,Coal,24.54
2024-09-13,Australia-Paradip,Supramax,Coal,23.08
2024-09-14,Australia-Paradip,Supramax,Coal,23.92
2024-09-15,Australia-Paradip,Supramax,Coal,25.09
2024-09-16,Australia-Paradip,Supramax,Coal,25.31
2024-09-17,Australia-Paradip,Supramax,Coal,26.32
2024-09-18,Australia-Paradip,Supramax,Coal,25.16
2024-09-19,Australia-Paradip,Supramax,Coal,24.63
2024-09-20,Australia-Paradip,Supramax,Coal,24.39
2024-09-21,Australia-Paradip,Supramax,Coal,25.32
2024-09-22,Australia-Paradip,Supramax,Coal,25.63
2024-09-23,Australia-Paradip,Supramax,Coal,24.88
2024-09-24,Australia-Paradip,Supramax,Coal,24.27
2024-09-25,Australia-Paradip,Supramax,Coal,25.11
2024-09-26,Australia-Paradip,Supramax,Coal,24.18
2024-09-27,Australia-Paradip,Supramax,Coal,23.96
2024-09-28,Australia-Paradip,Supramax,Coal,24.35
2024-09-29,Australia-Paradip,Supramax,Coal,25.53
2024-09-30,Australia-Paradip,Supramax,Coal,25.31
2024-10-01,Australia-Paradip,Supramax,Coal,25.4
2024-10-02,Australia-Paradip,Supramax,Coal,24.67
2024-10-03,Australia-Paradip,Supramax,Coal,24.95
2024-10-04,Australia-Paradip,Supramax,Coal,24.85
2024-10-05,Australia-Paradip,Supramax,Coal,24.82
2024-10-06,Australia-Paradip,Supramax,Coal,25.29
2024-10-07,Australia-Paradip,Supramax,Coal,26.45
2024-10-08,Australia-Paradip,Supramax,Coal,26.68
2024-10-09,Australia-Paradip,Supramax,Coal,26.21
2024-10-10,Australia-Paradip,Supramax,Coal,25.12
2024-10-11,Australia-Paradip,Supramax,Coal,24.7
2024-10-12,Australia-Paradip,Supramax,Coal,25.07
2024-10-13,Australia-Paradip,Supramax,Coal,26.2
2024-10-14,Australia-Paradip,Supramax,Coal,25.49
2024-10-15,Australia-Paradip,Supramax,Coal,25.29
2024-10-16,Australia-Paradip,Supramax,Coal,25.91
2024-10-17,Australia-Paradip,Supramax,Coal,24.89
2024-10-18,Australia-Paradip,Supramax,Coal,25.1
2024-10-19,Australia-Paradip,Supramax,Coal,24.86
2024-10-20,Australia-Paradip,Supramax,Coal,25.76
2024-10-21,Australia-Paradip,Supramax,Coal,26.55
2024-10-22,Australia-Paradip,Supramax,Coal,25.83
2024-10-23,Australia-Paradip,Supramax,Coal,26.07
2024-10-24,Australia-Paradip,Supramax,Coal,26.09
2024-10-25,Australia-Paradip,Supramax,Coal,26.1
2024-10-26,Australia-Paradip,Supramax,Coal,25.39
2024-10-27,Australia-Paradip,Supramax,Coal,25.76
2024-10-28,Australia-Paradip,Supramax,Coal,26.74
2024-10-29,Australia-Paradip,Supramax,Coal,26.92
2024-10-30,Australia-Paradip,Supramax,Coal,26.85
2024-10-31,Australia-Paradip,Supramax,Coal,26.85
2024-11-01,Australia-Paradip,Supramax,Coal,26.43
2024-11-02,Australia-Paradip,Supramax,Coal,25.93
2024-11-03,Australia-Paradip,Supramax,Coal,25.75
2024-11-04,Australia-Paradip,Supramax,Coal,25.89
2024-11-05,Australia-Paradip,Supramax,Coal,26.34
2024-11-06,Australia-Paradip,Supramax,Coal,26.33
2024-11-07,Australia-Paradip,Supramax,Coal,26.57
2024-11-08,Australia-Paradip,Supramax,Coal,25.54
2024-11-09,Australia-Paradip,Supramax,Coal,26.18
2024-11-10,Australia-Paradip,Supramax,Coal,25.91
2024-11-11,Australia-Paradip,Supramax,Coal,26.87
2024-11-12,Australia-Paradip,Supramax,Coal,27.03
2024-11-13,Australia-Paradip,Supramax,Coal,26.2
2024-11-14,Australia-Paradip,Supramax,Coal,25.16
2024-11-15,Australia-Paradip,Supramax,Coal,24.95
2024-11-16,Australia-Paradip,Supramax,Coal,26.17
2024-11-17,Australia-Paradip,Supramax,Coal,25.81
2024-11-18,Australia-Paradip,Supramax,Coal,25.97
2024-11-19,Australia-Paradip,Supramax,Coal,26.96
2024-11-20,Australia-Paradip,Supramax,Coal,26.53
2024-11-21,Australia-Paradip,Supramax,Coal,25.45
2024-11-22,Australia-Paradip,Supramax,Coal,25.6
2024-11-23,Australia-Paradip,Supramax,Coal,25.55
2024-11-24,Australia-Paradip,Supramax,Coal,25.71
2024-11-25,Australia-Paradip,Supramax,Coal,25.21
2024-11-26,Australia-Paradip,Supramax,Coal,26.17
2024-11-27,Australia-Paradip,Supramax,Coal,25.46
2024-11-28,Australia-Paradip,Supramax,Coal,25.39
2024-11-29,Australia-Paradip,Supramax,Coal,25.33
2024-11-30,Australia-Paradip,Supramax,Coal,25.82
2024-12-01,Australia-Paradip,Supramax,Coal,25.1
2024-12-02,Australia-Paradip,Supramax,Coal,26.01
2024-12-03,Australia-Paradip,Supramax,Coal,25.77
2024-12-04,Australia-Paradip,Supramax,Coal,25.86
2024-12-05,Australia-Paradip,Supramax,Coal,25.64
2024-12-06,Australia-Paradip,Supramax,Coal,25.0
2024-12-07,Australia-Paradip,Supramax,Coal,25.35
2024-12-08,Australia-Paradip,Supramax,Coal,25.3
2024-12-09,Australia-Paradip,Supramax,Coal,27.17
2024-12-10,Australia-Paradip,Supramax,Coal,25.02
2024-12-11,Australia-Paradip,Supramax,Coal,25.0
2024-12-12,Australia-Paradip,Supramax,Coal,25.31
2024-12-13,Australia-Paradip,Supramax,Coal,23.98
2024-12-14,Australia-Paradip,Supramax,Coal,23.99
2024-12-15,Australia-Paradip,Supramax,Coal,26.16
2024-12-16,Australia-Paradip,Supramax,Coal,26.32
2024-12-17,Australia-Paradip,Supramax,Coal,25.64
2024-12-18,Australia-Paradip,Supramax,Coal,25.86
2024-12-19,Australia-Paradip,Supramax,Coal,24.72
2024-12-20,Australia-Paradip,Supramax,Coal,24.92
2024-12-21,Australia-Paradip,Supramax,Coal,24.7
2024-12-22,Australia-Paradip,Supramax,Coal,25.75
2024-12-23,Australia-Paradip,Supramax,Coal,25.47
2024-12-24,Australia-Paradip,Supramax,Coal,25.81
2024-12-25,Australia-Paradip,Supramax,Coal,25.44
2024-12-26,Australia-Paradip,Supramax,Coal,24.48
2024-12-27,Australia-Paradip,Supramax,Coal,24.35
2024-12-28,Australia-Paradip,Supramax,Coal,24.39
2024-12-29,Australia-Paradip,Supramax,Coal,24.45
2024-12-30,Australia-Paradip,Supramax,Coal,25.57
2024-12-31,Australia-Paradip,Supramax,Coal,26.56
2025-01-01,Australia-Paradip,Supramax,Coal,25.11
2025-01-02,Australia-Paradip,Supramax,Coal,24.03
2025-01-03,Australia-Paradip,Supramax,Coal,23.19
2025-01-04,Australia-Paradip,Supramax,Coal,24.18
2025-01-05,Australia-Paradip,Supramax,Coal,24.35
2025-01-06,Australia-Paradip,Supramax,Coal,24.49
2025-01-07,Australia-Paradip,Supramax,Coal,24.19
2025-01-08,Australia-Paradip,Supramax,Coal,24.34
2025-01-09,Australia-Paradip,Supramax,Coal,24.43
2025-01-10,Australia-Paradip,Supramax,Coal,23.54
2025-01-11,Australia-Paradip,Supramax,Coal,24.56
2025-01-12,Australia-Paradip,Supramax,Coal,23.65
2025-01-13,Australia-Paradip,Supramax,Coal,25.12
2025-01-14,Australia-Paradip,Supramax,Coal,23.96
2025-01-15,Australia-Paradip,Supramax,Coal,24.55
2025-01-16,Australia-Paradip,Supramax,Coal,23.5
2025-01-17,Australia-Paradip,Supramax,Coal,23.14
2025-01-18,Australia-Paradip,Supramax,Coal,22.96
2025-01-19,Australia-Paradip,Supramax,Coal,24.07
2025-01-20,Australia-Paradip,Supramax,Coal,24.19
2025-01-21,Australia-Paradip,Supramax,Coal,23.51
2025-01-22,Australia-Paradip,Supramax,Coal,23.92
2025-01-23,Australia-Paradip,Supramax,Coal,24.64
2025-01-24,Australia-Paradip,Supramax,Coal,22.89
2025-01-25,Australia-Paradip,Supramax,Coal,23.63
2025-01-26,Australia-Paradip,Supramax,Coal,24.0
2025-01-27,Australia-Paradip,Supramax,Coal,23.71
2025-01-28,Australia-Paradip,Supramax,Coal,24.71
2025-01-29,Australia-Paradip,Supramax,Coal,24.0
2025-01-30,Australia-Paradip,Supramax,Coal,24.34
2025-01-31,Australia-Paradip,Supramax,Coal,23.65
2025-02-01,Australia-Paradip,Supramax,Coal,23.45
2025-02-02,Australia-Paradip,Supramax,Coal,22.57
2025-02-03,Australia-Paradip,Supramax,Coal,24.13
2025-02-04,Australia-Paradip,Supramax,Coal,24.19
2025-02-05,Australia-Paradip,Supramax,Coal,25.08
2025-02-06,Australia-Paradip,Supramax,Coal,23.62
2025-02-07,Australia-Paradip,Supramax,Coal,23.36
2025-02-08,Australia-Paradip,Supramax,Coal,23.25
2025-02-09,Australia-Paradip,Supramax,Coal,24.09
2025-02-10,Australia-Paradip,Supramax,Coal,24.93
2025-02-11,Australia-Paradip,Supramax,Coal,25.36
2025-02-12,Australia-Paradip,Supramax,Coal,24.72
2025-02-13,Australia-Paradip,Supramax,Coal,23.7
2025-02-14,Australia-Paradip,Supramax,Coal,24.71
2025-02-15,Australia-Paradip,Supramax,Coal,24.92
2025-02-16,Australia-Paradip,Supramax,Coal,23.88
2025-02-17,Australia-Paradip,Supramax,Coal,25.28
2025-02-18,Australia-Paradip,Supramax,Coal,23.92
2025-02-19,Australia-Paradip,Supramax,Coal,25.27
2025-02-20,Australia-Paradip,Supramax,Coal,24.27
2025-02-21,Australia-Paradip,Supramax,Coal,23.13
2025-02-22,Australia-Paradip,Supramax,Coal,24.41
2025-02-23,Australia-Paradip,Supramax,Coal,24.08
2025-02-24,Australia-Paradip,Supramax,Coal,25.59
2025-02-25,Australia-Paradip,Supramax,Coal,25.11
2025-02-26,Australia-Paradip,Supramax,Coal,24.53
2025-02-27,Australia-Paradip,Supramax,Coal,24.14
2025-02-28,Australia-Paradip,Supramax,Coal,23.44
2025-03-01,Australia-Paradip,Supramax,Coal,23.15
2025-03-02,Australia-Paradip,Supramax,Coal,24.32
2025-03-03,Australia-Paradip,Supramax,Coal,24.47
2025-03-04,Australia-Paradip,Supramax,Coal,24.84
2025-03-05,Australia-Paradip,Supramax,Coal,25.11
2025-03-06,Australia-Paradip,Supramax,Coal,24.33
2025-03-07,Australia-Paradip,Supramax,Coal,24.0
2025-03-08,Australia-Paradip,Supramax,Coal,24.26
2025-03-09,Australia-Paradip,Supramax,Coal,25.43
2025-03-10,Australia-Paradip,Supramax,Coal,24.71
2025-03-11,Australia-Paradip,Supramax,Coal,24.75
2025-03-12,Australia-Paradip,Supramax,Coal,25.12
2025-03-13,Australia-Paradip,Supramax,Coal,24.66
2025-03-14,Australia-Paradip,Supramax,Coal,24.63
2025-03-15,Australia-Paradip,Supramax,Coal,23.76
2025-03-16,Australia-Paradip,Supramax,Coal,25.1
2025-03-17,Australia-Paradip,Supramax,Coal,24.27
2025-03-18,Australia-Paradip,Supramax,Coal,25.56
2025-03-19,Australia-Paradip,Supramax,Coal,26.59
2025-03-20,Australia-Paradip,Supramax,Coal,24.47
2025-03-21,Australia-Paradip,Supramax,Coal,23.88
2025-03-22,Australia-Paradip,Supramax,Coal,23.63
2025-03-23,Australia-Paradip,Supramax,Coal,24.3
2025-03-24,Australia-Paradip,Supramax,Coal,25.03
2025-03-25,Australia-Paradip,Supramax,Coal,24.47
2025-03-26,Australia-Paradip,Supramax,Coal,24.95
2025-03-27,Australia-Paradip,Supramax,Coal,23.79
2025-03-28,Australia-Paradip,Supramax,Coal,24.05
2025-03-29,Australia-Paradip,Supramax,Coal,24.05
2025-03-30,Australia-Paradip,Supramax,Coal,23.27
2025-03-31,Australia-Paradip,Supramax,Coal,23.95
2025-04-01,Australia-Paradip,Supramax,Coal,25.01
2025-04-02,Australia-Paradip,Supramax,Coal,25.29
2025-04-03,Australia-Paradip,Supramax,Coal,23.54
2025-04-04,Australia-Paradip,Supramax,Coal,23.85
2025-04-05,Australia-Paradip,Supramax,Coal,23.63
2025-04-06,Australia-Paradip,Supramax,Coal,22.82
2025-04-07,Australia-Paradip,Supramax,Coal,24.34
2025-04-08,Australia-Paradip,Supramax,Coal,24.04
2025-04-09,Australia-Paradip,Supramax,Coal,23.81
2025-04-10,Australia-Paradip,Supramax,Coal,22.49
2025-04-11,Australia-Paradip,Supramax,Coal,23.37
2025-04-12,Australia-Paradip,Supramax,Coal,22.07
2025-04-13,Australia-Paradip,Supramax,Coal,23.45
2025-04-14,Australia-Paradip,Supramax,Coal,23.84
2025-04-15,Australia-Paradip,Supramax,Coal,25.03
2025-04-16,Australia-Paradip,Supramax,Coal,22.85
2025-04-17,Australia-Paradip,Supramax,Coal,23.04
2025-04-18,Australia-Paradip,Supramax,Coal,22.04
2025-04-19,Australia-Paradip,Supramax,Coal,22.75
2025-04-20,Australia-Paradip,Supramax,Coal,22.54
2025-04-21,Australia-Paradip,Supramax,Coal,22.76
2025-04-22,Australia-Paradip,Supramax,Coal,24.36
2025-04-23,Australia-Paradip,Supramax,Coal,23.87
2025-04-24,Australia-Paradip,Supramax,Coal,23.44
2025-04-25,Australia-Paradip,Supramax,Coal,23.22
2025-04-26,Australia-Paradip,Supramax,Coal,22.81
2025-04-27,Australia-Paradip,Supramax,Coal,23.08
2025-04-28,Australia-Paradip,Supramax,Coal,23.63
2025-04-29,Australia-Paradip,Supramax,Coal,24.22
2025-04-30,Australia-Paradip,Supramax,Coal,24.26
2025-05-01,Australia-Paradip,Supramax,Coal,22.47
2025-05-02,Australia-Paradip,Supramax,Coal,23.18
2025-05-03,Australia-Paradip,Supramax,Coal,24.05
2025-05-04,Australia-Paradip,Supramax,Coal,23.83
2025-05-05,Australia-Paradip,Supramax,Coal,25.0
2025-05-06,Australia-Paradip,Supramax,Coal,23.58
2025-05-07,Australia-Paradip,Supramax,Coal,24.99
2025-05-08,Australia-Paradip,Supramax,Coal,23.59
2025-05-09,Australia-Paradip,Supramax,Coal,22.83
2025-05-10,Australia-Paradip,Supramax,Coal,23.51
2025-05-11,Australia-Paradip,Supramax,Coal,24.32
2025-05-12,Australia-Paradip,Supramax,Coal,25.35
2025-05-13,Australia-Paradip,Supramax,Coal,24.4
2025-05-14,Australia-Paradip,Supramax,Coal,24.56
2025-05-15,Australia-Paradip,Supramax,Coal,24.12
2025-05-16,Australia-Paradip,Supramax,Coal,24.09
2025-05-17,Australia-Paradip,Supramax,Coal,24.33
2025-05-18,Australia-Paradip,Supramax,Coal,24.55
2025-05-19,Australia-Paradip,Supramax,Coal,24.57
2025-05-20,Australia-Paradip,Supramax,Coal,24.47
2025-05-21,Australia-Paradip,Supramax,Coal,23.96
2025-05-22,Australia-Paradip,Supramax,Coal,24.46
2025-05-23,Australia-Paradip,Supramax,Coal,23.89
2025-05-24,Australia-Paradip,Supramax,Coal,24.04
2025-05-25,Australia-Paradip,Supramax,Coal,24.35
2025-05-26,Australia-Paradip,Supramax,Coal,25.01
2025-05-27,Australia-Paradip,Supramax,Coal,24.48
2025-05-28,Australia-Paradip,Supramax,Coal,23.49
2025-05-29,Australia-Paradip,Supramax,Coal,23.47
2025-05-30,Australia-Paradip,Supramax,Coal,22.5
2025-05-31,Australia-Paradip,Supramax,Coal,23.17
2025-06-01,Australia-Paradip,Supramax,Coal,23.52
2025-06-02,Australia-Paradip,Supramax,Coal,24.42
2025-06-03,Australia-Paradip,Supramax,Coal,23.98
2025-06-04,Australia-Paradip,Supramax,Coal,24.77
2025-06-05,Australia-Paradip,Supramax,Coal,23.7
2025-06-06,Australia-Paradip,Supramax,Coal,23.05
2025-06-07,Australia-Paradip,Supramax,Coal,23.26
2025-06-08,Australia-Paradip,Supramax,Coal,24.69
2025-06-09,Australia-Paradip,Supramax,Coal,24.48
2025-06-10,Australia-Paradip,Supramax,Coal,24.11
2025-06-11,Australia-Paradip,Supramax,Coal,24.1
2025-06-12,Australia-Paradip,Supramax,Coal,24.55
2025-06-13,Australia-Paradip,Supramax,Coal,23.08
2025-06-14,Australia-Paradip,Supramax,Coal,23.88
2025-06-15,Australia-Paradip,Supramax,Coal,23.71
2025-06-16,Australia-Paradip,Supramax,Coal,24.39
2025-06-17,Australia-Paradip,Supramax,Coal,22.76
2025-06-18,Australia-Paradip,Supramax,Coal,22.89
2025-06-19,Australia-Paradip,Supramax,Coal,24.04
2025-06-20,Australia-Paradip,Supramax,Coal,22.98
2025-06-21,Australia-Paradip,Supramax,Coal,24.04
2025-06-22,Australia-Paradip,Supramax,Coal,23.42
2025-06-23,Australia-Paradip,Supramax,Coal,23.74
2025-06-24,Australia-Paradip,Supramax,Coal,24.75
2025-06-25,Australia-Paradip,Supramax,Coal,23.54
2025-06-26,Australia-Paradip,Supramax,Coal,23.41
2025-06-27,Australia-Paradip,Supramax,Coal,23.79
2025-06-28,Australia-Paradip,Supramax,Coal,22.89
2025-06-29,Australia-Paradip,Supramax,Coal,22.57
2025-06-30,Australia-Paradip,Supramax,Coal,24.03
2025-07-01,Australia-Paradip,Supramax,Coal,23.48
2025-07-02,Australia-Paradip,Supramax,Coal,24.33
2025-07-03,Australia-Paradip,Supramax,Coal,23.4
2025-07-04,Australia-Paradip,Supramax,Coal,22.32
2025-07-05,Australia-Paradip,Supramax,Coal,23.15
2025-07-06,Australia-Paradip,Supramax,Coal,23.23
2025-07-07,Australia-Paradip,Supramax,Coal,23.41
2025-07-08,Australia-Paradip,Supramax,Coal,23.05
2025-07-09,Australia-Paradip,Supramax,Coal,23.16
2025-07-10,Australia-Paradip,Supramax,Coal,22.73
2025-07-11,Australia-Paradip,Supramax,Coal,22.46
2025-07-12,Australia-Paradip,Supramax,Coal,22.72
2025-07-13,Australia-Paradip,Supramax,Coal,23.19
2025-07-14,Australia-Paradip,Supramax,Coal,23.39
2025-07-15,Australia-Paradip,Supramax,Coal,23.74
2025-07-16,Australia-Paradip,Supramax,Coal,23.51
2025-07-17,Australia-Paradip,Supramax,Coal,22.47
2025-07-18,Australia-Paradip,Supramax,Coal,22.44
2025-07-19,Australia-Paradip,Supramax,Coal,21.95
2025-07-20,Australia-Paradip,Supramax,Coal,23.31
2025-07-21,Australia-Paradip,Supramax,Coal,24.16
2025-07-22,Australia-Paradip,Supramax,Coal,24.79
2025-07-23,Australia-Paradip,Supramax,Coal,23.76
2025-07-24,Australia-Paradip,Supramax,Coal,22.85
2025-07-25,Australia-Paradip,Supramax,Coal,23.0
2025-07-26,Australia-Paradip,Supramax,Coal,23.12
2025-07-27,Australia-Paradip,Supramax,Coal,23.65
2025-07-28,Australia-Paradip,Supramax,Coal,23.58
2025-07-29,Australia-Paradip,Supramax,Coal,22.9
2025-07-30,Australia-Paradip,Supramax,Coal,23.89
2025-07-31,Australia-Paradip,Supramax,Coal,23.26
2025-08-01,Australia-Paradip,Supramax,Coal,22.69
2025-08-02,Australia-Paradip,Supramax,Coal,23.32
2025-08-03,Australia-Paradip,Supramax,Coal,22.83
2025-08-04,Australia-Paradip,Supramax,Coal,23.73
2025-08-05,Australia-Paradip,Supramax,Coal,24.18
2025-08-06,Australia-Paradip,Supramax,Coal,24.32
2025-08-07,Australia-Paradip,Supramax,Coal,24.46
2025-08-08,Australia-Paradip,Supramax,Coal,23.0
2025-08-09,Australia-Paradip,Supramax,Coal,23.88
2025-08-10,Australia-Paradip,Supramax,Coal,24.22
2025-08-11,Australia-Paradip,Supramax,Coal,24.93
2025-08-12,Australia-Paradip,Supramax,Coal,25.22
2025-08-13,Australia-Paradip,Supramax,Coal,23.86
2025-08-14,Australia-Paradip,Supramax,Coal,23.51
2025-08-15,Australia-Paradip,Supramax,Coal,23.8
2025-08-16,Australia-Paradip,Supramax,Coal,23.42
2025-08-17,Australia-Paradip,Supramax,Coal,23.5
2025-08-18,Australia-Paradip,Supramax,Coal,25.37
2025-08-19,Australia-Paradip,Supramax,Coal,24.65
2025-08-20,Australia-Paradip,Supramax,Coal,23.93
2025-08-21,Australia-Paradip,Supramax,Coal,24.44
2025-08-22,Australia-Paradip,Supramax,Coal,23.14
2025-08-23,Australia-Paradip,Supramax,Coal,23.49
2025-08-24,Australia-Paradip,Supramax,Coal,24.16
2025-08-25,Australia-Paradip,Supramax,Coal,24.92
2025-08-26,Australia-Paradip,Supramax,Coal,24.28
2025-08-27,Australia-Paradip,Supramax,Coal,24.62
2025-08-28,Australia-Paradip,Supramax,Coal,24.44
2025-08-29,Australia-Paradip,Supramax,Coal,22.4
2025-08-30,Australia-Paradip,Supramax,Coal,23.6
2025-08-31,Australia-Paradip,Supramax,Coal,24.17
2025-09-01,Australia-Paradip,Supramax,Coal,24.21
2025-09-02,Australia-Paradip,Supramax,Coal,25.23
2025-09-03,Australia-Paradip,Supramax,Coal,24.88
2025-09-04,Australia-Paradip,Supramax,Coal,23.36
2025-09-05,Australia-Paradip,Supramax,Coal,23.97
2025-09-06,Australia-Paradip,Supramax,Coal,23.93
2025-09-07,Australia-Paradip,Supramax,Coal,25.36
2025-09-08,Australia-Paradip,Supramax,Coal,24.19
2025-09-09,Australia-Paradip,Supramax,Coal,25.37
2025-09-10,Australia-Paradip,Supramax,Coal,24.15
2025-09-11,Australia-Paradip,Supramax,Coal,24.12
2025-09-12,Australia-Paradip,Supramax,Coal,23.39
2025-09-13,Australia-Paradip,Supramax,Coal,23.41
2025-09-14,Australia-Paradip,Supramax,Coal,24.3
2025-09-15,Australia-Paradip,Supramax,Coal,23.95
2025-09-16,Australia-Paradip,Supramax,Coal,24.36
2025-09-17,Australia-Paradip,Supramax,Coal,24.11
2025-09-18,Australia-Paradip,Supramax,Coal,23.29
2025-09-19,Australia-Paradip,Supramax,Coal,23.48
2025-09-20,Australia-Paradip,Supramax,Coal,23.83
2025-09-21,Australia-Paradip,Supramax,Coal,24.58
2025-09-22,Australia-Paradip,Supramax,Coal,24.96
2025-09-23,Australia-Paradip,Supramax,Coal,24.27
2025-09-24,Australia-Paradip,Supramax,Coal,23.87
2025-09-25,Australia-Paradip,Supramax,Coal,24.1
2025-09-26,Australia-Paradip,Supramax,Coal,23.69
2025-09-27,Australia-Paradip,Supramax,Coal,23.67
2025-09-28,Australia-Paradip,Supramax,Coal,24.96
2025-09-29,Australia-Paradip,Supramax,Coal,25.49
2025-09-30,Australia-Paradip,Supramax,Coal,24.88
2025-10-01,Australia-Paradip,Supramax,Coal,24.32
2025-10-02,Australia-Paradip,Supramax,Coal,24.22
2025-10-03,Australia-Paradip,Supramax,Coal,24.84
2025-10-04,Australia-Paradip,Supramax,Coal,23.72
2025-10-05,Australia-Paradip,Supramax,Coal,24.76
2025-10-06,Australia-Paradip,Supramax,Coal,24.54
2025-10-07,Australia-Paradip,Supramax,Coal,25.24
2025-10-08,Australia-Paradip,Supramax,Coal,24.7
2025-10-09,Australia-Paradip,Supramax,Coal,25.02
2025-10-10,Australia-Paradip,Supramax,Coal,24.96
2025-10-11,Australia-Paradip,Supramax,Coal,24.07
2025-10-12,Australia-Paradip,Supramax,Coal,24.8
2025-10-13,Australia-Paradip,Supramax,Coal,25.9
2025-10-14,Australia-Paradip,Supramax,Coal,25.16
2025-10-15,Australia-Paradip,Supramax,Coal,24.77
2025-10-16,Australia-Paradip,Supramax,Coal,25.03
2025-10-17,Australia-Paradip,Supramax,Coal,25.07
2025-10-18,Australia-Paradip,Supramax,Coal,24.31
2025-10-19,Australia-Paradip,Supramax,Coal,25.17
2025-10-20,Australia-Paradip,Supramax,Coal,25.44
2025-10-21,Australia-Paradip,Supramax,Coal,25.42
2025-10-22,Australia-Paradip,Supramax,Coal,25.98
2025-10-23,Australia-Paradip,Supramax,Coal,25.26
2025-10-24,Australia-Paradip,Supramax,Coal,25.84
2025-10-25,Australia-Paradip,Supramax,Coal,25.24
2025-10-26,Australia-Paradip,Supramax,Coal,24.98
2025-10-27,Australia-Paradip,Supramax,Coal,24.96
2025-10-28,Australia-Paradip,Supramax,Coal,25.67
2025-10-29,Australia-Paradip,Supramax,Coal,25.45
2025-10-30,Australia-Paradip,Supramax,Coal,25.09
2025-10-31,Australia-Paradip,Supramax,Coal,24.33
2025-11-01,Australia-Paradip,Supramax,Coal,25.23
2025-11-02,Australia-Paradip,Supramax,Coal,25.83
2025-11-03,Australia-Paradip,Supramax,Coal,26.5
2025-11-04,Australia-Paradip,Supramax,Coal,25.67
2025-11-05,Australia-Paradip,Supramax,Coal,26.72
2025-11-06,Australia-Paradip,Supramax,Coal,24.74
2025-11-07,Australia-Paradip,Supramax,Coal,25.23
2025-11-08,Australia-Paradip,Supramax,Coal,24.61
2025-11-09,Australia-Paradip,Supramax,Coal,24.99
2025-11-10,Australia-Paradip,Supramax,Coal,26.41
2025-11-11,Australia-Paradip,Supramax,Coal,25.45
2025-11-12,Australia-Paradip,Supramax,Coal,25.12
2025-11-13,Australia-Paradip,Supramax,Coal,24.45
2025-11-14,Australia-Paradip,Supramax,Coal,24.51
2025-11-15,Australia-Paradip,Supramax,Coal,24.57
2025-11-16,Australia-Paradip,Supramax,Coal,25.64
2025-11-17,Australia-Paradip,Supramax,Coal,25.41
2025-11-18,Australia-Paradip,Supramax,Coal,26.22
2025-11-19,Australia-Paradip,Supramax,Coal,26.29
2025-11-20,Australia-Paradip,Supramax,Coal,25.46
2025-11-21,Australia-Paradip,Supramax,Coal,25.16
2025-11-22,Australia-Paradip,Supramax,Coal,25.04
2025-11-23,Australia-Paradip,Supramax,Coal,25.79
2025-11-24,Australia-Paradip,Supramax,Coal,26.45
2025-11-25,Australia-Paradip,Supramax,Coal,26.09
2025-11-26,Australia-Paradip,Supramax,Coal,26.7
2025-11-27,Australia-Paradip,Supramax,Coal,25.32
2025-11-28,Australia-Paradip,Supramax,Coal,24.97
2025-11-29,Australia-Paradip,Supramax,Coal,26.4
2025-11-30,Australia-Paradip,Supramax,Coal,25.34
2025-12-01,Australia-Paradip,Supramax,Coal,26.34
2025-12-02,Australia-Paradip,Supramax,Coal,25.49
2025-12-03,Australia-Paradip,Supramax,Coal,25.67
2025-12-04,Australia-Paradip,Supramax,Coal,24.88
2025-12-05,Australia-Paradip,Supramax,Coal,24.82
2025-12-06,Australia-Paradip,Supramax,Coal,25.78
2025-12-07,Australia-Paradip,Supramax,Coal,26.26
2025-12-08,Australia-Paradip,Supramax,Coal,25.47
2025-12-09,Australia-Paradip,Supramax,Coal,26.58
2025-12-10,Australia-Paradip,Supramax,Coal,26.38
2025-12-11,Australia-Paradip,Supramax,Coal,26.19
2025-12-12,Australia-Paradip,Supramax,Coal,25.49
2025-12-13,Australia-Paradip,Supramax,Coal,26.48
2025-12-14,Australia-Paradip,Supramax,Coal,25.62
2025-12-15,Australia-Paradip,Supramax,Coal,26.37
2025-12-16,Australia-Paradip,Supramax,Coal,26.95
2025-12-17,Australia-Paradip,Supramax,Coal,26.23
2025-12-18,Australia-Paradip,Supramax,Coal,26.31
2025-12-19,Australia-Paradip,Supramax,Coal,25.8
2025-12-20,Australia-Paradip,Supramax,Coal,25.09
2025-12-21,Australia-Paradip,Supramax,Coal,24.91
2025-12-22,Australia-Paradip,Supramax,Coal,26.09
2025-12-23,Australia-Paradip,Supramax,Coal,26.43
2025-12-24,Australia-Paradip,Supramax,Coal,26.66
2025-12-25,Australia-Paradip,Supramax,Coal,25.59
2025-12-26,Australia-Paradip,Supramax,Coal,25.91
2025-12-27,Australia-Paradip,Supramax,Coal,25.87
2025-12-28,Australia-Paradip,Supramax,Coal,26.79
2025-12-29,Australia-Paradip,Supramax,Coal,25.6
2025-12-30,Australia-Paradip,Supramax,Coal,26.09
2025-12-31,Australia-Paradip,Supramax,Coal,25.92
2026-01-01,Australia-Paradip,Supramax,Coal,26.24
2026-01-02,Australia-Paradip,Supramax,Coal,25.52
2026-01-03,Australia-Paradip,Supramax,Coal,26.12
2026-01-04,Australia-Paradip,Supramax,Coal,25.86
2026-01-05,Australia-Paradip,Supramax,Coal,26.89
2026-01-06,Australia-Paradip,Supramax,Coal,26.28
2026-01-07,Australia-Paradip,Supramax,Coal,26.11
2026-01-08,Australia-Paradip,Supramax,Coal,25.35
2026-01-09,Australia-Paradip,Supramax,Coal,25.35
2026-01-10,Australia-Paradip,Supramax,Coal,24.59
2026-01-11,Australia-Paradip,Supramax,Coal,25.05
2026-01-12,Australia-Paradip,Supramax,Coal,26.02
2026-01-13,Australia-Paradip,Supramax,Coal,26.94
2026-01-14,Australia-Paradip,Supramax,Coal,25.61
2026-01-15,Australia-Paradip,Supramax,Coal,26.43
2026-01-16,Australia-Paradip,Supramax,Coal,25.35
2026-01-17,Australia-Paradip,Supramax,Coal,25.07
2026-01-18,Australia-Paradip,Supramax,Coal,25.83
2026-01-19,Australia-Paradip,Supramax,Coal,25.61
2026-01-20,Australia-Paradip,Supramax,Coal,24.78
2026-01-21,Australia-Paradip,Supramax,Coal,24.81
2026-01-22,Australia-Paradip,Supramax,Coal,24.64
2026-01-23,Australia-Paradip,Supramax,Coal,26.0
2026-01-24,Australia-Paradip,Supramax,Coal,25.08
2026-01-25,Australia-Paradip,Supramax,Coal,25.4
2026-01-26,Australia-Paradip,Supramax,Coal,25.75
2026-01-27,Australia-Paradip,Supramax,Coal,25.95
2026-01-28,Australia-Paradip,Supramax,Coal,26.25
2026-01-29,Australia-Paradip,Supramax,Coal,25.17
2026-01-30,Australia-Paradip,Supramax,Coal,25.13
2026-01-31,Australia-Paradip,Supramax,Coal,24.63
2026-02-01,Australia-Paradip,Supramax,Coal,25.22
2026-02-02,Australia-Paradip,Supramax,Coal,25.66
2026-02-03,Australia-Paradip,Supramax,Coal,25.96
2026-02-04,Australia-Paradip,Supramax,Coal,24.7
2026-02-05,Australia-Paradip,Supramax,Coal,24.91
2026-02-06,Australia-Paradip,Supramax,Coal,25.42
2026-02-07,Australia-Paradip,Supramax,Coal,23.33
2026-02-08,Australia-Paradip,Supramax,Coal,26.08
2026-02-09,Australia-Paradip,Supramax,Coal,25.17
2026-02-10,Australia-Paradip,Supramax,Coal,25.94
2026-02-11,Australia-Paradip,Supramax,Coal,25.61
2026-02-12,Australia-Paradip,Supramax,Coal,24.81
2026-02-13,Australia-Paradip,Supramax,Coal,25.01
2026-02-14,Australia-Paradip,Supramax,Coal,25.25
2026-02-15,Australia-Paradip,Supramax,Coal,25.85
2026-02-16,Australia-Paradip,Supramax,Coal,25.61
2026-02-17,Australia-Paradip,Supramax,Coal,25.41
2026-02-18,Australia-Paradip,Supramax,Coal,25.49
2026-02-19,Australia-Paradip,Supramax,Coal,24.81
2026-02-20,Australia-Paradip,Supramax,Coal,24.24
2026-02-21,Australia-Paradip,Supramax,Coal,23.58
2026-02-22,Australia-Paradip,Supramax,Coal,24.97
2026-02-23,Australia-Paradip,Supramax,Coal,26.47
2026-02-24,Australia-Paradip,Supramax,Coal,24.96
2026-02-25,Australia-Paradip,Supramax,Coal,25.62
2026-02-26,Australia-Paradip,Supramax,Coal,23.43
2026-02-27,Australia-Paradip,Supramax,Coal,24.91
2026-02-28,Australia-Paradip,Supramax,Coal,23.62
2026-03-01,Australia-Paradip,Supramax,Coal,24.16
2026-03-02,Australia-Paradip,Supramax,Coal,25.47
2026-03-03,Australia-Paradip,Supramax,Coal,25.35
2026-03-04,Australia-Paradip,Supramax,Coal,25.62
2026-03-05,Australia-Paradip,Supramax,Coal,23.58
2026-03-06,Australia-Paradip,Supramax,Coal,24.43
2026-03-07,Australia-Paradip,Supramax,Coal,24.49
2026-03-08,Australia-Paradip,Supramax,Coal,24.41
2026-03-09,Australia-Paradip,Supramax,Coal,24.31
2026-03-10,Australia-Paradip,Supramax,Coal,24.24
2026-03-11,Australia-Paradip,Supramax,Coal,24.73
2026-03-12,Australia-Paradip,Supramax,Coal,23.47
2026-03-13,Australia-Paradip,Supramax,Coal,23.73
2026-03-14,Australia-Paradip,Supramax,Coal,22.63
2026-03-15,Australia-Paradip,Supramax,Coal,24.59
2026-03-16,Australia-Paradip,Supramax,Coal,25.06
2026-03-17,Australia-Paradip,Supramax,Coal,25.15
2026-03-18,Australia-Paradip,Supramax,Coal,24.43
2026-03-19,Australia-Paradip,Supramax,Coal,23.23
2026-03-20,Australia-Paradip,Supramax,Coal,22.89
2026-03-21,Australia-Paradip,Supramax,Coal,23.54
2026-03-22,Australia-Paradip,Supramax,Coal,24.41
2026-03-23,Australia-Paradip,Supramax,Coal,25.29
2026-03-24,Australia-Paradip,Supramax,Coal,24.92
2026-03-25,Australia-Paradip,Supramax,Coal,25.21
2026-03-26,Australia-Paradip,Supramax,Coal,25.11
2026-03-27,Australia-Paradip,Supramax,Coal,24.37
2026-03-28,Australia-Paradip,Supramax,Coal,24.34
2026-03-29,Australia-Paradip,Supramax,Coal,23.57
2026-03-30,Australia-Paradip,Supramax,Coal,23.73
2026-03-31,Australia-Paradip,Supramax,Coal,24.88
2026-04-01,Australia-Paradip,Supramax,Coal,24.03
2026-04-02,Australia-Paradip,Supramax,Coal,23.7
2026-04-03,Australia-Paradip,Supramax,Coal,23.57
2026-04-04,Australia-Paradip,Supramax,Coal,23.86
2026-04-05,Australia-Paradip,Supramax,Coal,23.91
2026-04-06,Australia-Paradip,Supramax,Coal,25.92
2026-04-07,Australia-Paradip,Supramax,Coal,24.08
2026-04-08,Australia-Paradip,Supramax,Coal,25.31
2026-04-09,Australia-Paradip,Supramax,Coal,24.27
2026-04-10,Australia-Paradip,Supramax,Coal,23.26
2026-04-11,Australia-Paradip,Supramax,Coal,24.11
2026-04-12,Australia-Paradip,Supramax,Coal,24.3
2026-04-13,Australia-Paradip,Supramax,Coal,25.6
2026-04-14,Australia-Paradip,Supramax,Coal,24.82
2026-04-15,Australia-Paradip,Supramax,Coal,25.04
2026-04-16,Australia-Paradip,Supramax,Coal,23.55
2026-04-17,Australia-Paradip,Supramax,Coal,23.77
2026-04-18,Australia-Paradip,Supramax,Coal,23.67
2026-04-19,Australia-Paradip,Supramax,Coal,25.01
2026-04-20,Australia-Paradip,Supramax,Coal,24.13
2026-04-21,Australia-Paradip,Supramax,Coal,24.74
2026-04-22,Australia-Paradip,Supramax,Coal,24.25
2026-04-23,Australia-Paradip,Supramax,Coal,24.55
2026-04-24,Australia-Paradip,Supramax,Coal,23.77
2026-04-25,Australia-Paradip,Supramax,Coal,24.19
2026-04-26,Australia-Paradip,Supramax,Coal,24.96
2026-04-27,Australia-Paradip,Supramax,Coal,25.34
2026-04-28,Australia-Paradip,Supramax,Coal,25.67
2026-04-29,Australia-Paradip,Supramax,Coal,25.45
2026-04-30,Australia-Paradip,Supramax,Coal,24.82
2026-05-01,Australia-Paradip,Supramax,Coal,23.84
2026-05-02,Australia-Paradip,Supramax,Coal,24.79
2026-05-03,Australia-Paradip,Supramax,Coal,24.05
2026-05-04,Australia-Paradip,Supramax,Coal,24.29
2026-05-05,Australia-Paradip,Supramax,Coal,24.09
2026-05-06,Australia-Paradip,Supramax,Coal,24.51
2026-05-07,Australia-Paradip,Supramax,Coal,24.63
2026-05-08,Australia-Paradip,Supramax,Coal,24.26
2026-05-09,Australia-Paradip,Supramax,Coal,24.83
2026-05-10,Australia-Paradip,Supramax,Coal,23.99
2026-05-11,Australia-Paradip,Supramax,Coal,25.69
2026-05-12,Australia-Paradip,Supramax,Coal,25.07
2026-05-13,Australia-Paradip,Supramax,Coal,25.07
2026-05-14,Australia-Paradip,Supramax,Coal,24.59
2026-05-15,Australia-Paradip,Supramax,Coal,23.45
2026-05-16,Australia-Paradip,Supramax,Coal,24.45
2026-05-17,Australia-Paradip,Supramax,Coal,24.11
2026-05-18,Australia-Paradip,Supramax,Coal,26.49
2026-05-19,Australia-Paradip,Supramax,Coal,25.05
2026-05-20,Australia-Paradip,Supramax,Coal,26.48
2026-05-21,Australia-Paradip,Supramax,Coal,24.56
2026-05-22,Australia-Paradip,Supramax,Coal,25.29
2026-05-23,Australia-Paradip,Supramax,Coal,25.05
2026-05-24,Australia-Paradip,Supramax,Coal,25.58
2026-05-25,Australia-Paradip,Supramax,Coal,25.56
2026-05-26,Australia-Paradip,Supramax,Coal,26.13
2026-05-27,Australia-Paradip,Supramax,Coal,25.63
2026-05-28,Australia-Paradip,Supramax,Coal,24.44
2026-05-29,Australia-Paradip,Supramax,Coal,24.47
2026-05-30,Australia-Paradip,Supramax,Coal,25.23
2026-05-31,Australia-Paradip,Supramax,Coal,24.62
2026-06-01,Australia-Paradip,Supramax,Coal,25.7
2026-06-02,Australia-Paradip,Supramax,Coal,25.47
2026-06-03,Australia-Paradip,Supramax,Coal,24.95
2026-06-04,Australia-Paradip,Supramax,Coal,24.76
2026-06-05,Australia-Paradip,Supramax,Coal,24.1
2026-06-06,Australia-Paradip,Supramax,Coal,23.95
2026-06-07,Australia-Paradip,Supramax,Coal,25.36
2026-06-08,Australia-Paradip,Supramax,Coal,24.72
2026-06-09,Australia-Paradip,Supramax,Coal,25.52
2026-06-10,Australia-Paradip,Supramax,Coal,25.81
2026-06-11,Australia-Paradip,Supramax,Coal,24.57
2026-06-12,Australia-Paradip,Supramax,Coal,25.63
2026-06-13,Australia-Paradip,Supramax,Coal,25.17
2026-06-14,Australia-Paradip,Supramax,Coal,24.4
2026-06-15,Australia-Paradip,Supramax,Coal,24.36
2026-06-16,Australia-Paradip,Supramax,Coal,25.26
2026-06-17,Australia-Paradip,Supramax,Coal,25.43
2026-06-18,Australia-Paradip,Supramax,Coal,24.68
2026-06-19,Australia-Paradip,Supramax,Coal,24.51
2026-06-20,Australia-Paradip,Supramax,Coal,24.73
2026-06-21,Australia-Paradip,Supramax,Coal,24.47
2026-06-22,Australia-Paradip,Supramax,Coal,24.63
2026-06-23,Australia-Paradip,Supramax,Coal,24.28
2026-06-24,Australia-Paradip,Supramax,Coal,24.79
2026-06-25,Australia-Paradip,Supramax,Coal,24.5
2026-06-26,Australia-Paradip,Supramax,Coal,24.56
2026-06-27,Australia-Paradip,Supramax,Coal,24.59
2026-06-28,Australia-Paradip,Supramax,Coal,25.14
2026-06-29,Australia-Paradip,Supramax,Coal,24.89
2026-06-30,Australia-Paradip,Supramax,Coal,25.09
2026-07-01,Australia-Paradip,Supramax,Coal,25.41
2026-07-02,Australia-Paradip,Supramax,Coal,24.0
2026-07-03,Australia-Paradip,Supramax,Coal,23.98
2026-07-04,Australia-Paradip,Supramax,Coal,24.4
2026-07-05,Australia-Paradip,Supramax,Coal,24.63
2026-07-06,Australia-Paradip,Supramax,Coal,25.21
2026-07-07,Australia-Paradip,Supramax,Coal,24.38
2026-07-08,Australia-Paradip,Supramax,Coal,24.51
2026-07-09,Australia-Paradip,Supramax,Coal,25.65
2026-07-10,Australia-Paradip,Supramax,Coal,24.1
2026-07-11,Australia-Paradip,Supramax,Coal,24.44
2026-07-12,Australia-Paradip,Supramax,Coal,25.47
2026-07-13,Australia-Paradip,Supramax,Coal,25.04
2026-07-14,Australia-Paradip,Supramax,Coal,25.47
2026-07-15,Australia-Paradip,Supramax,Coal,26.56
2026-07-16,Australia-Paradip,Supramax,Coal,24.76
2026-07-17,Australia-Paradip,Supramax,Coal,24.59
2026-07-18,Australia-Paradip,Supramax,Coal,25.59
2026-07-19,Australia-Paradip,Supramax,Coal,25.12
2026-07-20,Australia-Paradip,Supramax,Coal,26.08
2026-07-21,Australia-Paradip,Supramax,Coal,26.77
2026-07-22,Australia-Paradip,Supramax,Coal,26.1
2026-07-23,Australia-Paradip,Supramax,Coal,25.09
2026-07-24,Australia-Paradip,Supramax,Coal,25.18
2026-07-25,Australia-Paradip,Supramax,Coal,24.58
2026-07-26,Australia-Paradip,Supramax,Coal,25.36
2026-07-27,Australia-Paradip,Supramax,Coal,25.33
2026-07-28,Australia-Paradip,Supramax,Coal,25.95
2026-07-29,Australia-Paradip,Supramax,Coal,25.74
2026-07-30,Australia-Paradip,Supramax,Coal,24.9
2026-07-31,Australia-Paradip,Supramax,Coal,26.52
2026-08-01,Australia-Paradip,Supramax,Coal,25.73
2026-08-02,Australia-Paradip,Supramax,Coal,25.6
2026-08-03,Australia-Paradip,Supramax,Coal,25.96
2026-08-04,Australia-Paradip,Supramax,Coal,26.09
2026-08-05,Australia-Paradip,Supramax,Coal,25.18
2026-08-06,Australia-Paradip,Supramax,Coal,26.92
2026-08-07,Australia-Paradip,Supramax,Coal,24.36
2026-08-08,Australia-Paradip,Supramax,Coal,26.24
2026-08-09,Australia-Paradip,Supramax,Coal,26.6
2026-08-10,Australia-Paradip,Supramax,Coal,26.18
2026-08-11,Australia-Paradip,Supramax,Coal,26.61
2026-08-12,Australia-Paradip,Supramax,Coal,25.82
2026-08-13,Australia-Paradip,Supramax,Coal,26.12
2026-08-14,Australia-Paradip,Supramax,Coal,25.62
2026-08-15,Australia-Paradip,Supramax,Coal,25.81
2026-08-16,Australia-Paradip,Supramax,Coal,26.41
2026-08-17,Australia-Paradip,Supramax,Coal,26.32
2026-08-18,Australia-Paradip,Supramax,Coal,26.99
2026-08-19,Australia-Paradip,Supramax,Coal,25.92
2026-08-20,Australia-Paradip,Supramax,Coal,25.77
2026-08-21,Australia-Paradip,Supramax,Coal,25.51
2026-08-22,Australia-Paradip,Supramax,Coal,25.71
2026-08-23,Australia-Paradip,Supramax,Coal,26.08
2026-08-24,Australia-Paradip,Supramax,Coal,25.89
2026-08-25,Australia-Paradip,Supramax,Coal,26.34
2026-08-26,Australia-Paradip,Supramax,Coal,26.23
2026-08-27,Australia-Paradip,Supramax,Coal,25.59
2026-08-28,Australia-Paradip,Supramax,Coal,24.87
2026-08-29,Australia-Paradip,Supramax,Coal,24.57
2026-08-30,Australia-Paradip,Supramax,Coal,25.5
2026-08-31,Australia-Paradip,Supramax,Coal,25.84
2024-09-01,Indonesia-Visakhapatnam,Panamax,Coal,21.59
2024-09-02,Indonesia-Visakhapatnam,Panamax,Coal,23.36
2024-09-03,Indonesia-Visakhapatnam,Panamax,Coal,22.62
2024-09-04,Indonesia-Visakhapatnam,Panamax,Coal,22.45
2024-09-05,Indonesia-Visakhapatnam,Panamax,Coal,21.49
2024-09-06,Indonesia-Visakhapatnam,Panamax,Coal,21.76
2024-09-07,Indonesia-Visakhapatnam,Panamax,Coal,21.69
2024-09-08,Indonesia-Visakhapatnam,Panamax,Coal,23.29
2024-09-09,Indonesia-Visakhapatnam,Panamax,Coal,22.96
2024-09-10,Indonesia-Visakhapatnam,Panamax,Coal,22.04
2024-09-11,Indonesia-Visakhapatnam,Panamax,Coal,22.08
2024-09-12,Indonesia-Visakhapatnam,Panamax,Coal,21.98
2024-09-13,Indonesia-Visakhapatnam,Panamax,Coal,21.92
2024-09-14,Indonesia-Visakhapatnam,Panamax,Coal,21.54
2024-09-15,Indonesia-Visakhapatnam,Panamax,Coal,22.04
2024-09-16,Indonesia-Visakhapatnam,Panamax,Coal,22.16
2024-09-17,Indonesia-Visakhapatnam,Panamax,Coal,22.74
2024-09-18,Indonesia-Visakhapatnam,Panamax,Coal,22.14
2024-09-19,Indonesia-Visakhapatnam,Panamax,Coal,22.53
2024-09-20,Indonesia-Visakhapatnam,Panamax,Coal,22.4
2024-09-21,Indonesia-Visakhapatnam,Panamax,Coal,20.76
2024-09-22,Indonesia-Visakhapatnam,Panamax,Coal,22.78
2024-09-23,Indonesia-Visakhapatnam,Panamax,Coal,23.26
2024-09-24,Indonesia-Visakhapatnam,Panamax,Coal,22.5
2024-09-25,Indonesia-Visakhapatnam,Panamax,Coal,22.75
2024-09-26,Indonesia-Visakhapatnam,Panamax,Coal,22.79
2024-09-27,Indonesia-Visakhapatnam,Panamax,Coal,22.45
2024-09-28,Indonesia-Visakhapatnam,Panamax,Coal,21.79
2024-09-29,Indonesia-Visakhapatnam,Panamax,Coal,22.37
2024-09-30,Indonesia-Visakhapatnam,Panamax,Coal,23.38
2024-10-01,Indonesia-Visakhapatnam,Panamax,Coal,22.59
2024-10-02,Indonesia-Visakhapatnam,Panamax,Coal,22.83
2024-10-03,Indonesia-Visakhapatnam,Panamax,Coal,22.82
2024-10-04,Indonesia-Visakhapatnam,Panamax,Coal,22.04
2024-10-05,Indonesia-Visakhapatnam,Panamax,Coal,22.77
2024-10-06,Indonesia-Visakhapatnam,Panamax,Coal,22.16
2024-10-07,Indonesia-Visakhapatnam,Panamax,Coal,23.3
2024-10-08,Indonesia-Visakhapatnam,Panamax,Coal,23.41
2024-10-09,Indonesia-Visakhapatnam,Panamax,Coal,23.75
2024-10-10,Indonesia-Visakhapatnam,Panamax,Coal,21.68
2024-10-11,Indonesia-Visakhapatnam,Panamax,Coal,22.02
2024-10-12,Indonesia-Visakhapatnam,Panamax,Coal,21.93
2024-10-13,Indonesia-Visakhapatnam,Panamax,Coal,21.91
2024-10-14,Indonesia-Visakhapatnam,Panamax,Coal,23.5
2024-10-15,Indonesia-Visakhapatnam,Panamax,Coal,22.1
2024-10-16,Indonesia-Visakhapatnam,Panamax,Coal,23.18
2024-10-17,Indonesia-Visakhapatnam,Panamax,Coal,22.27
2024-10-18,Indonesia-Visakhapatnam,Panamax,Coal,22.22
2024-10-19,Indonesia-Visakhapatnam,Panamax,Coal,22.46
2024-10-20,Indonesia-Visakhapatnam,Panamax,Coal,22.89
2024-10-21,Indonesia-Visakhapatnam,Panamax,Coal,22.74
2024-10-22,Indonesia-Visakhapatnam,Panamax,Coal,23.15
2024-10-23,Indonesia-Visakhapatnam,Panamax,Coal,23.89
2024-10-24,Indonesia-Visakhapatnam,Panamax,Coal,22.31
2024-10-25,Indonesia-Visakhapatnam,Panamax,Coal,22.87
2024-10-26,Indonesia-Visakhapatnam,Panamax,Coal,22.77
2024-10-27,Indonesia-Visakhapatnam,Panamax,Coal,23.08
2024-10-28,Indonesia-Visakhapatnam,Panamax,Coal,22.66
2024-10-29,Indonesia-Visakhapatnam,Panamax,Coal,23.24
2024-10-30,Indonesia-Visakhapatnam,Panamax,Coal,23.52
2024-10-31,Indonesia-Visakhapatnam,Panamax,Coal,22.83
2024-11-01,Indonesia-Visakhapatnam,Panamax,Coal,22.46
2024-11-02,Indonesia-Visakhapatnam,Panamax,Coal,22.87
2024-11-03,Indonesia-Visakhapatnam,Panamax,Coal,23.24
2024-11-04,Indonesia-Visakhapatnam,Panamax,Coal,23.64
2024-11-05,Indonesia-Visakhapatnam,Panamax,Coal,24.35
2024-11-06,Indonesia-Visakhapatnam,Panamax,Coal,24.27
2024-11-07,Indonesia-Visakhapatnam,Panamax,Coal,24.35
2024-11-08,Indonesia-Visakhapatnam,Panamax,Coal,23.32
2024-11-09,Indonesia-Visakhapatnam,Panamax,Coal,22.32
2024-11-10,Indonesia-Visakhapatnam,Panamax,Coal,23.18
2024-11-11,Indonesia-Visakhapatnam,Panamax,Coal,23.4
2024-11-12,Indonesia-Visakhapatnam,Panamax,Coal,25.01
2024-11-13,Indonesia-Visakhapatnam,Panamax,Coal,23.89
2024-11-14,Indonesia-Visakhapatnam,Panamax,Coal,22.68
2024-11-15,Indonesia-Visakhapatnam,Panamax,Coal,22.83
2024-11-16,Indonesia-Visakhapatnam,Panamax,Coal,23.36
2024-11-17,Indonesia-Visakhapatnam,Panamax,Coal,23.91
2024-11-18,Indonesia-Visakhapatnam,Panamax,Coal,25.12
2024-11-19,Indonesia-Visakhapatnam,Panamax,Coal,24.62
2024-11-20,Indonesia-Visakhapatnam,Panamax,Coal,24.35
2024-11-21,Indonesia-Visakhapatnam,Panamax,Coal,23.24
2024-11-22,Indonesia-Visakhapatnam,Panamax,Coal,23.92
2024-11-23,Indonesia-Visakhapatnam,Panamax,Coal,22.84
2024-11-24,Indonesia-Visakhapatnam,Panamax,Coal,23.94
2024-11-25,Indonesia-Visakhapatnam,Panamax,Coal,23.27
2024-11-26,Indonesia-Visakhapatnam,Panamax,Coal,24.32
2024-11-27,Indonesia-Visakhapatnam,Panamax,Coal,24.52
2024-11-28,Indonesia-Visakhapatnam,Panamax,Coal,23.56
2024-11-29,Indonesia-Visakhapatnam,Panamax,Coal,23.66
2024-11-30,Indonesia-Visakhapatnam,Panamax,Coal,23.33
2024-12-01,Indonesia-Visakhapatnam,Panamax,Coal,23.88
2024-12-02,Indonesia-Visakhapatnam,Panamax,Coal,23.64
2024-12-03,Indonesia-Visakhapatnam,Panamax,Coal,24.55
2024-12-04,Indonesia-Visakhapatnam,Panamax,Coal,24.18
2024-12-05,Indonesia-Visakhapatnam,Panamax,Coal,23.97
2024-12-06,Indonesia-Visakhapatnam,Panamax,Coal,23.45
2024-12-07,Indonesia-Visakhapatnam,Panamax,Coal,23.42
2024-12-08,Indonesia-Visakhapatnam,Panamax,Coal,23.75
2024-12-09,Indonesia-Visakhapatnam,Panamax,Coal,23.22
2024-12-10,Indonesia-Visakhapatnam,Panamax,Coal,24.47
2024-12-11,Indonesia-Visakhapatnam,Panamax,Coal,23.44
2024-12-12,Indonesia-Visakhapatnam,Panamax,Coal,23.96
2024-12-13,Indonesia-Visakhapatnam,Panamax,Coal,23.43
2024-12-14,Indonesia-Visakhapatnam,Panamax,Coal,22.96
2024-12-15,Indonesia-Visakhapatnam,Panamax,Coal,23.48
2024-12-16,Indonesia-Visakhapatnam,Panamax,Coal,24.13
2024-12-17,Indonesia-Visakhapatnam,Panamax,Coal,24.04
2024-12-18,Indonesia-Visakhapatnam,Panamax,Coal,22.9
2024-12-19,Indonesia-Visakhapatnam,Panamax,Coal,23.19
2024-12-20,Indonesia-Visakhapatnam,Panamax,Coal,21.71
2024-12-21,Indonesia-Visakhapatnam,Panamax,Coal,22.88
2024-12-22,Indonesia-Visakhapatnam,Panamax,Coal,23.08
2024-12-23,Indonesia-Visakhapatnam,Panamax,Coal,23.89
2024-12-24,Indonesia-Visakhapatnam,Panamax,Coal,23.83
2024-12-25,Indonesia-Visakhapatnam,Panamax,Coal,24.21
2024-12-26,Indonesia-Visakhapatnam,Panamax,Coal,23.49
2024-12-27,Indonesia-Visakhapatnam,Panamax,Coal,22.97
2024-12-28,Indonesia-Visakhapatnam,Panamax,Coal,23.03
2024-12-29,Indonesia-Visakhapatnam,Panamax,Coal,23.31
2024-12-30,Indonesia-Visakhapatnam,Panamax,Coal,22.85
2024-12-31,Indonesia-Visakhapatnam,Panamax,Coal,24.27
2025-01-01,Indonesia-Visakhapatnam,Panamax,Coal,23.93
2025-01-02,Indonesia-Visakhapatnam,Panamax,Coal,23.88
2025-01-03,Indonesia-Visakhapatnam,Panamax,Coal,23.12
2025-01-04,Indonesia-Visakhapatnam,Panamax,Coal,23.03
2025-01-05,Indonesia-Visakhapatnam,Panamax,Coal,22.22
2025-01-06,Indonesia-Visakhapatnam,Panamax,Coal,24.35
2025-01-07,Indonesia-Visakhapatnam,Panamax,Coal,23.66
2025-01-08,Indonesia-Visakhapatnam,Panamax,Coal,22.85
2025-01-09,Indonesia-Visakhapatnam,Panamax,Coal,23.39
2025-01-10,Indonesia-Visakhapatnam,Panamax,Coal,23.72
2025-01-11,Indonesia-Visakhapatnam,Panamax,Coal,23.04
2025-01-12,Indonesia-Visakhapatnam,Panamax,Coal,23.14
2025-01-13,Indonesia-Visakhapatnam,Panamax,Coal,23.16
2025-01-14,Indonesia-Visakhapatnam,Panamax,Coal,23.73
2025-01-15,Indonesia-Visakhapatnam,Panamax,Coal,23.3
2025-01-16,Indonesia-Visakhapatnam,Panamax,Coal,23.57
2025-01-17,Indonesia-Visakhapatnam,Panamax,Coal,23.05
2025-01-18,Indonesia-Visakhapatnam,Panamax,Coal,23.86
2025-01-19,Indonesia-Visakhapatnam,Panamax,Coal,23.25
2025-01-20,Indonesia-Visakhapatnam,Panamax,Coal,23.69
2025-01-21,Indonesia-Visakhapatnam,Panamax,Coal,23.37
2025-01-22,Indonesia-Visakhapatnam,Panamax,Coal,22.65
2025-01-23,Indonesia-Visakhapatnam,Panamax,Coal,22.93
2025-01-24,Indonesia-Visakhapatnam,Panamax,Coal,22.83
2025-01-25,Indonesia-Visakhapatnam,Panamax,Coal,22.27
2025-01-26,Indonesia-Visakhapatnam,Panamax,Coal,22.84
2025-01-27,Indonesia-Visakhapatnam,Panamax,Coal,23.29
2025-01-28,Indonesia-Visakhapatnam,Panamax,Coal,23.02
2025-01-29,Indonesia-Visakhapatnam,Panamax,Coal,23.67
2025-01-30,Indonesia-Visakhapatnam,Panamax,Coal,22.31
2025-01-31,Indonesia-Visakhapatnam,Panamax,Coal,22.37
2025-02-01,Indonesia-Visakhapatnam,Panamax,Coal,21.84
2025-02-02,Indonesia-Visakhapatnam,Panamax,Coal,22.11
2025-02-03,Indonesia-Visakhapatnam,Panamax,Coal,23.33
2025-02-04,Indonesia-Visakhapatnam,Panamax,Coal,22.96
2025-02-05,Indonesia-Visakhapatnam,Panamax,Coal,24.01
2025-02-06,Indonesia-Visakhapatnam,Panamax,Coal,22.27
2025-02-07,Indonesia-Visakhapatnam,Panamax,Coal,23.74
2025-02-08,Indonesia-Visakhapatnam,Panamax,Coal,21.77
2025-02-09,Indonesia-Visakhapatnam,Panamax,Coal,23.11
2025-02-10,Indonesia-Visakhapatnam,Panamax,Coal,23.12
2025-02-11,Indonesia-Visakhapatnam,Panamax,Coal,23.02
2025-02-12,Indonesia-Visakhapatnam,Panamax,Coal,23.26
2025-02-13,Indonesia-Visakhapatnam,Panamax,Coal,22.92
2025-02-14,Indonesia-Visakhapatnam,Panamax,Coal,22.4
2025-02-15,Indonesia-Visakhapatnam,Panamax,Coal,23.01
2025-02-16,Indonesia-Visakhapatnam,Panamax,Coal,23.02
2025-02-17,Indonesia-Visakhapatnam,Panamax,Coal,22.23
2025-02-18,Indonesia-Visakhapatnam,Panamax,Coal,23.88
2025-02-19,Indonesia-Visakhapatnam,Panamax,Coal,24.06
2025-02-20,Indonesia-Visakhapatnam,Panamax,Coal,22.9
2025-02-21,Indonesia-Visakhapatnam,Panamax,Coal,21.52
2025-02-22,Indonesia-Visakhapatnam,Panamax,Coal,22.29
2025-02-23,Indonesia-Visakhapatnam,Panamax,Coal,22.05
2025-02-24,Indonesia-Visakhapatnam,Panamax,Coal,23.84
2025-02-25,Indonesia-Visakhapatnam,Panamax,Coal,23.07
2025-02-26,Indonesia-Visakhapatnam,Panamax,Coal,22.56
2025-02-27,Indonesia-Visakhapatnam,Panamax,Coal,23.03
2025-02-28,Indonesia-Visakhapatnam,Panamax,Coal,21.49
2025-03-01,Indonesia-Visakhapatnam,Panamax,Coal,22.69
2025-03-02,Indonesia-Visakhapatnam,Panamax,Coal,22.63
2025-03-03,Indonesia-Visakhapatnam,Panamax,Coal,22.48
2025-03-04,Indonesia-Visakhapatnam,Panamax,Coal,23.5
2025-03-05,Indonesia-Visakhapatnam,Panamax,Coal,23.07
2025-03-06,Indonesia-Visakhapatnam,Panamax,Coal,21.87
2025-03-07,Indonesia-Visakhapatnam,Panamax,Coal,22.82
2025-03-08,Indonesia-Visakhapatnam,Panamax,Coal,22.1
2025-03-09,Indonesia-Visakhapatnam,Panamax,Coal,23.16
2025-03-10,Indonesia-Visakhapatnam,Panamax,Coal,23.58
2025-03-11,Indonesia-Visakhapatnam,Panamax,Coal,23.55
2025-03-12,Indonesia-Visakhapatnam,Panamax,Coal,23.54
2025-03-13,Indonesia-Visakhapatnam,Panamax,Coal,23.67
2025-03-14,Indonesia-Visakhapatnam,Panamax,Coal,21.89
2025-03-15,Indonesia-Visakhapatnam,Panamax,Coal,22.74
2025-03-16,Indonesia-Visakhapatnam,Panamax,Coal,21.56
2025-03-17,Indonesia-Visakhapatnam,Panamax,Coal,23.25
2025-03-18,Indonesia-Visakhapatnam,Panamax,Coal,22.55
2025-03-19,Indonesia-Visakhapatnam,Panamax,Coal,22.88
2025-03-20,Indonesia-Visakhapatnam,Panamax,Coal,22.83
2025-03-21,Indonesia-Visakhapatnam,Panamax,Coal,23.12
2025-03-22,Indonesia-Visakhapatnam,Panamax,Coal,22.71
2025-03-23,Indonesia-Visakhapatnam,Panamax,Coal,22.77
2025-03-24,Indonesia-Visakhapatnam,Panamax,Coal,22.54
2025-03-25,Indonesia-Visakhapatnam,Panamax,Coal,22.41
2025-03-26,Indonesia-Visakhapatnam,Panamax,Coal,22.54
2025-03-27,Indonesia-Visakhapatnam,Panamax,Coal,22.5
2025-03-28,Indonesia-Visakhapatnam,Panamax,Coal,22.26
2025-03-29,Indonesia-Visakhapatnam,Panamax,Coal,22.83
2025-03-30,Indonesia-Visakhapatnam,Panamax,Coal,21.88
2025-03-31,Indonesia-Visakhapatnam,Panamax,Coal,22.43
2025-04-01,Indonesia-Visakhapatnam,Panamax,Coal,21.93
2025-04-02,Indonesia-Visakhapatnam,Panamax,Coal,22.61
2025-04-03,Indonesia-Visakhapatnam,Panamax,Coal,22.06
2025-04-04,Indonesia-Visakhapatnam,Panamax,Coal,22.55
2025-04-05,Indonesia-Visakhapatnam,Panamax,Coal,21.39
2025-04-06,Indonesia-Visakhapatnam,Panamax,Coal,21.6
2025-04-07,Indonesia-Visakhapatnam,Panamax,Coal,23.24
2025-04-08,Indonesia-Visakhapatnam,Panamax,Coal,22.56
2025-04-09,Indonesia-Visakhapatnam,Panamax,Coal,21.48
2025-04-10,Indonesia-Visakhapatnam,Panamax,Coal,23.01
2025-04-11,Indonesia-Visakhapatnam,Panamax,Coal,20.87
2025-04-12,Indonesia-Visakhapatnam,Panamax,Coal,22.12
2025-04-13,Indonesia-Visakhapatnam,Panamax,Coal,22.99
2025-04-14,Indonesia-Visakhapatnam,Panamax,Coal,21.89
2025-04-15,Indonesia-Visakhapatnam,Panamax,Coal,22.65
2025-04-16,Indonesia-Visakhapatnam,Panamax,Coal,21.91
2025-04-17,Indonesia-Visakhapatnam,Panamax,Coal,23.46
2025-04-18,Indonesia-Visakhapatnam,Panamax,Coal,21.6
2025-04-19,Indonesia-Visakhapatnam,Panamax,Coal,22.12
2025-04-20,Indonesia-Visakhapatnam,Panamax,Coal,23.35
2025-04-21,Indonesia-Visakhapatnam,Panamax,Coal,23.63
2025-04-22,Indonesia-Visakhapatnam,Panamax,Coal,22.73
2025-04-23,Indonesia-Visakhapatnam,Panamax,Coal,22.97
2025-04-24,Indonesia-Visakhapatnam,Panamax,Coal,22.76
2025-04-25,Indonesia-Visakhapatnam,Panamax,Coal,22.14
2025-04-26,Indonesia-Visakhapatnam,Panamax,Coal,23.21
2025-04-27,Indonesia-Visakhapatnam,Panamax,Coal,22.53
2025-04-28,Indonesia-Visakhapatnam,Panamax,Coal,23.06
2025-04-29,Indonesia-Visakhapatnam,Panamax,Coal,22.37
2025-04-30,Indonesia-Visakhapatnam,Panamax,Coal,23.5
2025-05-01,Indonesia-Visakhapatnam,Panamax,Coal,22.59
2025-05-02,Indonesia-Visakhapatnam,Panamax,Coal,21.09
2025-05-03,Indonesia-Visakhapatnam,Panamax,Coal,22.15
2025-05-04,Indonesia-Visakhapatnam,Panamax,Coal,21.81
2025-05-05,Indonesia-Visakhapatnam,Panamax,Coal,22.16
2025-05-06,Indonesia-Visakhapatnam,Panamax,Coal,21.76
2025-05-07,Indonesia-Visakhapatnam,Panamax,Coal,22.14
2025-05-08,Indonesia-Visakhapatnam,Panamax,Coal,20.86
2025-05-09,Indonesia-Visakhapatnam,Panamax,Coal,21.98
2025-05-10,Indonesia-Visakhapatnam,Panamax,Coal,21.88
2025-05-11,Indonesia-Visakhapatnam,Panamax,Coal,22.57
2025-05-12,Indonesia-Visakhapatnam,Panamax,Coal,22.19
2025-05-13,Indonesia-Visakhapatnam,Panamax,Coal,22.05
2025-05-14,Indonesia-Visakhapatnam,Panamax,Coal,21.95
2025-05-15,Indonesia-Visakhapatnam,Panamax,Coal,22.05
2025-05-16,Indonesia-Visakhapatnam,Panamax,Coal,21.89
2025-05-17,Indonesia-Visakhapatnam,Panamax,Coal,21.23
2025-05-18,Indonesia-Visakhapatnam,Panamax,Coal,21.53
2025-05-19,Indonesia-Visakhapatnam,Panamax,Coal,22.84
2025-05-20,Indonesia-Visakhapatnam,Panamax,Coal,21.28
2025-05-21,Indonesia-Visakhapatnam,Panamax,Coal,21.73
2025-05-22,Indonesia-Visakhapatnam,Panamax,Coal,20.88
2025-05-23,Indonesia-Visakhapatnam,Panamax,Coal,21.92
2025-05-24,Indonesia-Visakhapatnam,Panamax,Coal,21.0
2025-05-25,Indonesia-Visakhapatnam,Panamax,Coal,21.39
2025-05-26,Indonesia-Visakhapatnam,Panamax,Coal,20.99
2025-05-27,Indonesia-Visakhapatnam,Panamax,Coal,22.75
2025-05-28,Indonesia-Visakhapatnam,Panamax,Coal,22.77
2025-05-29,Indonesia-Visakhapatnam,Panamax,Coal,22.07
2025-05-30,Indonesia-Visakhapatnam,Panamax,Coal,21.15
2025-05-31,Indonesia-Visakhapatnam,Panamax,Coal,20.29
2025-06-01,Indonesia-Visakhapatnam,Panamax,Coal,21.12
2025-06-02,Indonesia-Visakhapatnam,Panamax,Coal,21.46
2025-06-03,Indonesia-Visakhapatnam,Panamax,Coal,22.39
2025-06-04,Indonesia-Visakhapatnam,Panamax,Coal,21.38
2025-06-05,Indonesia-Visakhapatnam,Panamax,Coal,21.3
2025-06-06,Indonesia-Visakhapatnam,Panamax,Coal,20.97
2025-06-07,Indonesia-Visakhapatnam,Panamax,Coal,21.46
2025-06-08,Indonesia-Visakhapatnam,Panamax,Coal,20.33
2025-06-09,Indonesia-Visakhapatnam,Panamax,Coal,21.73
2025-06-10,Indonesia-Visakhapatnam,Panamax,Coal,21.33
2025-06-11,Indonesia-Visakhapatnam,Panamax,Coal,21.9
2025-06-12,Indonesia-Visakhapatnam,Panamax,Coal,21.44
2025-06-13,Indonesia-Visakhapatnam,Panamax,Coal,20.96
2025-06-14,Indonesia-Visakhapatnam,Panamax,Coal,21.17
2025-06-15,Indonesia-Visakhapatnam,Panamax,Coal,21.74
2025-06-16,Indonesia-Visakhapatnam,Panamax,Coal,22.57
2025-06-17,Indonesia-Visakhapatnam,Panamax,Coal,22.44
2025-06-18,Indonesia-Visakhapatnam,Panamax,Coal,20.7
2025-06-19,Indonesia-Visakhapatnam,Panamax,Coal,21.19
2025-06-20,Indonesia-Visakhapatnam,Panamax,Coal,20.82
2025-06-21,Indonesia-Visakhapatnam,Panamax,Coal,20.92
2025-06-22,Indonesia-Visakhapatnam,Panamax,Coal,20.95
2025-06-23,Indonesia-Visakhapatnam,Panamax,Coal,21.74
2025-06-24,Indonesia-Visakhapatnam,Panamax,Coal,21.72
2025-06-25,Indonesia-Visakhapatnam,Panamax,Coal,21.4
2025-06-26,Indonesia-Visakhapatnam,Panamax,Coal,20.86
2025-06-27,Indonesia-Visakhapatnam,Panamax,Coal,20.43
2025-06-28,Indonesia-Visakhapatnam,Panamax,Coal,20.96
2025-06-29,Indonesia-Visakhapatnam,Panamax,Coal,21.56
2025-06-30,Indonesia-Visakhapatnam,Panamax,Coal,20.31
2025-07-01,Indonesia-Visakhapatnam,Panamax,Coal,21.24
2025-07-02,Indonesia-Visakhapatnam,Panamax,Coal,20.5
2025-07-03,Indonesia-Visakhapatnam,Panamax,Coal,20.87
2025-07-04,Indonesia-Visakhapatnam,Panamax,Coal,20.72
2025-07-05,Indonesia-Visakhapatnam,Panamax,Coal,20.48
2025-07-06,Indonesia-Visakhapatnam,Panamax,Coal,21.28
2025-07-07,Indonesia-Visakhapatnam,Panamax,Coal,21.54
2025-07-08,Indonesia-Visakhapatnam,Panamax,Coal,21.82
2025-07-09,Indonesia-Visakhapatnam,Panamax,Coal,21.21
2025-07-10,Indonesia-Visakhapatnam,Panamax,Coal,20.29
2025-07-11,Indonesia-Visakhapatnam,Panamax,Coal,20.89
2025-07-12,Indonesia-Visakhapatnam,Panamax,Coal,20.78
2025-07-13,Indonesia-Visakhapatnam,Panamax,Coal,21.87
2025-07-14,Indonesia-Visakhapatnam,Panamax,Coal,21.84
2025-07-15,Indonesia-Visakhapatnam,Panamax,Coal,23.07
2025-07-16,Indonesia-Visakhapatnam,Panamax,Coal,21.62
2025-07-17,Indonesia-Visakhapatnam,Panamax,Coal,20.4
2025-07-18,Indonesia-Visakhapatnam,Panamax,Coal,20.11
2025-07-19,Indonesia-Visakhapatnam,Panamax,Coal,21.25
2025-07-20,Indonesia-Visakhapatnam,Panamax,Coal,21.33
2025-07-21,Indonesia-Visakhapatnam,Panamax,Coal,22.28
2025-07-22,Indonesia-Visakhapatnam,Panamax,Coal,21.58
2025-07-23,Indonesia-Visakhapatnam,Panamax,Coal,19.9
2025-07-24,Indonesia-Visakhapatnam,Panamax,Coal,21.11
2025-07-25,Indonesia-Visakhapatnam,Panamax,Coal,20.77
2025-07-26,Indonesia-Visakhapatnam,Panamax,Coal,20.5
2025-07-27,Indonesia-Visakhapatnam,Panamax,Coal,21.87
2025-07-28,Indonesia-Visakhapatnam,Panamax,Coal,22.0
2025-07-29,Indonesia-Visakhapatnam,Panamax,Coal,21.7
2025-07-30,Indonesia-Visakhapatnam,Panamax,Coal,21.65
2025-07-31,Indonesia-Visakhapatnam,Panamax,Coal,21.35
2025-08-01,Indonesia-Visakhapatnam,Panamax,Coal,20.86
2025-08-02,Indonesia-Visakhapatnam,Panamax,Coal,21.12
2025-08-03,Indonesia-Visakhapatnam,Panamax,Coal,21.6
2025-08-04,Indonesia-Visakhapatnam,Panamax,Coal,21.54
2025-08-05,Indonesia-Visakhapatnam,Panamax,Coal,21.08
2025-08-06,Indonesia-Visakhapatnam,Panamax,Coal,21.45
2025-08-07,Indonesia-Visakhapatnam,Panamax,Coal,21.05
2025-08-08,Indonesia-Visakhapatnam,Panamax,Coal,21.47
2025-08-09,Indonesia-Visakhapatnam,Panamax,Coal,22.21
2025-08-10,Indonesia-Visakhapatnam,Panamax,Coal,21.88
2025-08-11,Indonesia-Visakhapatnam,Panamax,Coal,22.78
2025-08-12,Indonesia-Visakhapatnam,Panamax,Coal,22.08
2025-08-13,Indonesia-Visakhapatnam,Panamax,Coal,21.61
2025-08-14,Indonesia-Visakhapatnam,Panamax,Coal,21.04
2025-08-15,Indonesia-Visakhapatnam,Panamax,Coal,21.8
2025-08-16,Indonesia-Visakhapatnam,Panamax,Coal,22.31
2025-08-17,Indonesia-Visakhapatnam,Panamax,Coal,22.08
2025-08-18,Indonesia-Visakhapatnam,Panamax,Coal,22.57
2025-08-19,Indonesia-Visakhapatnam,Panamax,Coal,21.8
2025-08-20,Indonesia-Visakhapatnam,Panamax,Coal,21.31
2025-08-21,Indonesia-Visakhapatnam,Panamax,Coal,20.83
2025-08-22,Indonesia-Visakhapatnam,Panamax,Coal,21.22
2025-08-23,Indonesia-Visakhapatnam,Panamax,Coal,21.72
2025-08-24,Indonesia-Visakhapatnam,Panamax,Coal,21.63
2025-08-25,Indonesia-Visakhapatnam,Panamax,Coal,21.26
2025-08-26,Indonesia-Visakhapatnam,Panamax,Coal,22.15
2025-08-27,Indonesia-Visakhapatnam,Panamax,Coal,21.99
2025-08-28,Indonesia-Visakhapatnam,Panamax,Coal,21.61
2025-08-29,Indonesia-Visakhapatnam,Panamax,Coal,21.57
2025-08-30,Indonesia-Visakhapatnam,Panamax,Coal,22.06
2025-08-31,Indonesia-Visakhapatnam,Panamax,Coal,22.8
2025-09-01,Indonesia-Visakhapatnam,Panamax,Coal,22.63
2025-09-02,Indonesia-Visakhapatnam,Panamax,Coal,21.47
2025-09-03,Indonesia-Visakhapatnam,Panamax,Coal,21.56
2025-09-04,Indonesia-Visakhapatnam,Panamax,Coal,21.47
2025-09-05,Indonesia-Visakhapatnam,Panamax,Coal,21.91
2025-09-06,Indonesia-Visakhapatnam,Panamax,Coal,21.34
2025-09-07,Indonesia-Visakhapatnam,Panamax,Coal,21.4
2025-09-08,Indonesia-Visakhapatnam,Panamax,Coal,22.75
2025-09-09,Indonesia-Visakhapatnam,Panamax,Coal,22.88
2025-09-10,Indonesia-Visakhapatnam,Panamax,Coal,22.1
2025-09-11,Indonesia-Visakhapatnam,Panamax,Coal,21.91
2025-09-12,Indonesia-Visakhapatnam,Panamax,Coal,22.58
2025-09-13,Indonesia-Visakhapatnam,Panamax,Coal,21.72
2025-09-14,Indonesia-Visakhapatnam,Panamax,Coal,22.53
2025-09-15,Indonesia-Visakhapatnam,Panamax,Coal,23.73
2025-09-16,Indonesia-Visakhapatnam,Panamax,Coal,22.42
2025-09-17,Indonesia-Visakhapatnam,Panamax,Coal,23.25
2025-09-18,Indonesia-Visakhapatnam,Panamax,Coal,22.83
2025-09-19,Indonesia-Visakhapatnam,Panamax,Coal,22.55
2025-09-20,Indonesia-Visakhapatnam,Panamax,Coal,22.63
2025-09-21,Indonesia-Visakhapatnam,Panamax,Coal,22.42
2025-09-22,Indonesia-Visakhapatnam,Panamax,Coal,24.43
2025-09-23,Indonesia-Visakhapatnam,Panamax,Coal,23.34
2025-09-24,Indonesia-Visakhapatnam,Panamax,Coal,22.33
2025-09-25,Indonesia-Visakhapatnam,Panamax,Coal,23.53
2025-09-26,Indonesia-Visakhapatnam,Panamax,Coal,22.64
2025-09-27,Indonesia-Visakhapatnam,Panamax,Coal,22.23
2025-09-28,Indonesia-Visakhapatnam,Panamax,Coal,23.19
2025-09-29,Indonesia-Visakhapatnam,Panamax,Coal,22.96
2025-09-30,Indonesia-Visakhapatnam,Panamax,Coal,23.26
2025-10-01,Indonesia-Visakhapatnam,Panamax,Coal,22.18
2025-10-02,Indonesia-Visakhapatnam,Panamax,Coal,22.06
2025-10-03,Indonesia-Visakhapatnam,Panamax,Coal,21.75
2025-10-04,Indonesia-Visakhapatnam,Panamax,Coal,22.7
2025-10-05,Indonesia-Visakhapatnam,Panamax,Coal,23.63
2025-10-06,Indonesia-Visakhapatnam,Panamax,Coal,23.3
2025-10-07,Indonesia-Visakhapatnam,Panamax,Coal,22.9
2025-10-08,Indonesia-Visakhapatnam,Panamax,Coal,24.19
2025-10-09,Indonesia-Visakhapatnam,Panamax,Coal,22.78
2025-10-10,Indonesia-Visakhapatnam,Panamax,Coal,22.33
2025-10-11,Indonesia-Visakhapatnam,Panamax,Coal,22.72
2025-10-12,Indonesia-Visakhapatnam,Panamax,Coal,23.35
2025-10-13,Indonesia-Visakhapatnam,Panamax,Coal,23.38
2025-10-14,Indonesia-Visakhapatnam,Panamax,Coal,23.48
2025-10-15,Indonesia-Visakhapatnam,Panamax,Coal,23.05
2025-10-16,Indonesia-Visakhapatnam,Panamax,Coal,23.48
2025-10-17,Indonesia-Visakhapatnam,Panamax,Coal,22.1
2025-10-18,Indonesia-Visakhapatnam,Panamax,Coal,21.27
2025-10-19,Indonesia-Visakhapatnam,Panamax,Coal,22.83
2025-10-20,Indonesia-Visakhapatnam,Panamax,Coal,23.25
2025-10-21,Indonesia-Visakhapatnam,Panamax,Coal,22.62
2025-10-22,Indonesia-Visakhapatnam,Panamax,Coal,23.56
2025-10-23,Indonesia-Visakhapatnam,Panamax,Coal,22.18
2025-10-24,Indonesia-Visakhapatnam,Panamax,Coal,22.09
2025-10-25,Indonesia-Visakhapatnam,Panamax,Coal,22.3
2025-10-26,Indonesia-Visakhapatnam,Panamax,Coal,22.99
2025-10-27,Indonesia-Visakhapatnam,Panamax,Coal,23.38
2025-10-28,Indonesia-Visakhapatnam,Panamax,Coal,23.46
2025-10-29,Indonesia-Visakhapatnam,Panamax,Coal,24.1
2025-10-30,Indonesia-Visakhapatnam,Panamax,Coal,21.71
2025-10-31,Indonesia-Visakhapatnam,Panamax,Coal,21.86
2025-11-01,Indonesia-Visakhapatnam,Panamax,Coal,21.84
2025-11-02,Indonesia-Visakhapatnam,Panamax,Coal,23.13
2025-11-03,Indonesia-Visakhapatnam,Panamax,Coal,23.15
2025-11-04,Indonesia-Visakhapatnam,Panamax,Coal,22.98
2025-11-05,Indonesia-Visakhapatnam,Panamax,Coal,23.34
2025-11-06,Indonesia-Visakhapatnam,Panamax,Coal,22.76
2025-11-07,Indonesia-Visakhapatnam,Panamax,Coal,22.22
2025-11-08,Indonesia-Visakhapatnam,Panamax,Coal,23.71
2025-11-09,Indonesia-Visakhapatnam,Panamax,Coal,23.62
2025-11-10,Indonesia-Visakhapatnam,Panamax,Coal,24.49
2025-11-11,Indonesia-Visakhapatnam,Panamax,Coal,24.56
2025-11-12,Indonesia-Visakhapatnam,Panamax,Coal,22.32
2025-11-13,Indonesia-Visakhapatnam,Panamax,Coal,22.96
2025-11-14,Indonesia-Visakhapatnam,Panamax,Coal,22.96
2025-11-15,Indonesia-Visakhapatnam,Panamax,Coal,22.07
2025-11-16,Indonesia-Visakhapatnam,Panamax,Coal,22.62
2025-11-17,Indonesia-Visakhapatnam,Panamax,Coal,23.68
2025-11-18,Indonesia-Visakhapatnam,Panamax,Coal,23.22
2025-11-19,Indonesia-Visakhapatnam,Panamax,Coal,23.05
2025-11-20,Indonesia-Visakhapatnam,Panamax,Coal,21.81
2025-11-21,Indonesia-Visakhapatnam,Panamax,Coal,22.4
2025-11-22,Indonesia-Visakhapatnam,Panamax,Coal,23.17
2025-11-23,Indonesia-Visakhapatnam,Panamax,Coal,23.03
2025-11-24,Indonesia-Visakhapatnam,Panamax,Coal,22.96
2025-11-25,Indonesia-Visakhapatnam,Panamax,Coal,23.6
2025-11-26,Indonesia-Visakhapatnam,Panamax,Coal,22.37
2025-11-27,Indonesia-Visakhapatnam,Panamax,Coal,22.66
2025-11-28,Indonesia-Visakhapatnam,Panamax,Coal,23.09
2025-11-29,Indonesia-Visakhapatnam,Panamax,Coal,21.45
2025-11-30,Indonesia-Visakhapatnam,Panamax,Coal,23.68
2025-12-01,Indonesia-Visakhapatnam,Panamax,Coal,24.26
2025-12-02,Indonesia-Visakhapatnam,Panamax,Coal,24.16
2025-12-03,Indonesia-Visakhapatnam,Panamax,Coal,23.17
2025-12-04,Indonesia-Visakhapatnam,Panamax,Coal,24.31
2025-12-05,Indonesia-Visakhapatnam,Panamax,Coal,22.69
2025-12-06,Indonesia-Visakhapatnam,Panamax,Coal,23.5
2025-12-07,Indonesia-Visakhapatnam,Panamax,Coal,23.01
2025-12-08,Indonesia-Visakhapatnam,Panamax,Coal,22.84
2025-12-09,Indonesia-Visakhapatnam,Panamax,Coal,24.04
2025-12-10,Indonesia-Visakhapatnam,Panamax,Coal,23.86
2025-12-11,Indonesia-Visakhapatnam,Panamax,Coal,24.28
2025-12-12,Indonesia-Visakhapatnam,Panamax,Coal,23.21
2025-12-13,Indonesia-Visakhapatnam,Panamax,Coal,23.15
2025-12-14,Indonesia-Visakhapatnam,Panamax,Coal,23.64
2025-12-15,Indonesia-Visakhapatnam,Panamax,Coal,23.88
2025-12-16,Indonesia-Visakhapatnam,Panamax,Coal,25.07
2025-12-17,Indonesia-Visakhapatnam,Panamax,Coal,23.65
2025-12-18,Indonesia-Visakhapatnam,Panamax,Coal,24.16
2025-12-19,Indonesia-Visakhapatnam,Panamax,Coal,23.01
2025-12-20,Indonesia-Visakhapatnam,Panamax,Coal,22.96
2025-12-21,Indonesia-Visakhapatnam,Panamax,Coal,23.7
2025-12-22,Indonesia-Visakhapatnam,Panamax,Coal,24.02
2025-12-23,Indonesia-Visakhapatnam,Panamax,Coal,23.2
2025-12-24,Indonesia-Visakhapatnam,Panamax,Coal,23.86
2025-12-25,Indonesia-Visakhapatnam,Panamax,Coal,23.07
2025-12-26,Indonesia-Visakhapatnam,Panamax,Coal,22.78
2025-12-27,Indonesia-Visakhapatnam,Panamax,Coal,23.27
2025-12-28,Indonesia-Visakhapatnam,Panamax,Coal,23.7
2025-12-29,Indonesia-Visakhapatnam,Panamax,Coal,23.98
2025-12-30,Indonesia-Visakhapatnam,Panamax,Coal,24.18
2025-12-31,Indonesia-Visakhapatnam,Panamax,Coal,23.43
2026-01-01,Indonesia-Visakhapatnam,Panamax,Coal,23.97
2026-01-02,Indonesia-Visakhapatnam,Panamax,Coal,23.81
2026-01-03,Indonesia-Visakhapatnam,Panamax,Coal,22.38
2026-01-04,Indonesia-Visakhapatnam,Panamax,Coal,23.06
2026-01-05,Indonesia-Visakhapatnam,Panamax,Coal,23.13
2026-01-06,Indonesia-Visakhapatnam,Panamax,Coal,24.73
2026-01-07,Indonesia-Visakhapatnam,Panamax,Coal,23.73
2026-01-08,Indonesia-Visakhapatnam,Panamax,Coal,23.27
2026-01-09,Indonesia-Visakhapatnam,Panamax,Coal,23.99
2026-01-10,Indonesia-Visakhapatnam,Panamax,Coal,22.99
2026-01-11,Indonesia-Visakhapatnam,Panamax,Coal,23.71
2026-01-12,Indonesia-Visakhapatnam,Panamax,Coal,23.36
2026-01-13,Indonesia-Visakhapatnam,Panamax,Coal,24.33
2026-01-14,Indonesia-Visakhapatnam,Panamax,Coal,23.08
2026-01-15,Indonesia-Visakhapatnam,Panamax,Coal,22.96
2026-01-16,Indonesia-Visakhapatnam,Panamax,Coal,22.26
2026-01-17,Indonesia-Visakhapatnam,Panamax,Coal,23.35
2026-01-18,Indonesia-Visakhapatnam,Panamax,Coal,24.03
2026-01-19,Indonesia-Visakhapatnam,Panamax,Coal,22.92
2026-01-20,Indonesia-Visakhapatnam,Panamax,Coal,23.72
2026-01-21,Indonesia-Visakhapatnam,Panamax,Coal,22.72
2026-01-22,Indonesia-Visakhapatnam,Panamax,Coal,23.13
2026-01-23,Indonesia-Visakhapatnam,Panamax,Coal,21.76
2026-01-24,Indonesia-Visakhapatnam,Panamax,Coal,21.73
2026-01-25,Indonesia-Visakhapatnam,Panamax,Coal,22.6
2026-01-26,Indonesia-Visakhapatnam,Panamax,Coal,23.61
2026-01-27,Indonesia-Visakhapatnam,Panamax,Coal,23.01
2026-01-28,Indonesia-Visakhapatnam,Panamax,Coal,23.12
2026-01-29,Indonesia-Visakhapatnam,Panamax,Coal,22.72
2026-01-30,Indonesia-Visakhapatnam,Panamax,Coal,22.75
2026-01-31,Indonesia-Visakhapatnam,Panamax,Coal,22.03
2026-02-01,Indonesia-Visakhapatnam,Panamax,Coal,22.75
2026-02-02,Indonesia-Visakhapatnam,Panamax,Coal,22.65
2026-02-03,Indonesia-Visakhapatnam,Panamax,Coal,23.69
2026-02-04,Indonesia-Visakhapatnam,Panamax,Coal,22.31
2026-02-05,Indonesia-Visakhapatnam,Panamax,Coal,21.73
2026-02-06,Indonesia-Visakhapatnam,Panamax,Coal,22.62
2026-02-07,Indonesia-Visakhapatnam,Panamax,Coal,22.31
2026-02-08,Indonesia-Visakhapatnam,Panamax,Coal,21.73
2026-02-09,Indonesia-Visakhapatnam,Panamax,Coal,22.96
2026-02-10,Indonesia-Visakhapatnam,Panamax,Coal,21.92
2026-02-11,Indonesia-Visakhapatnam,Panamax,Coal,23.0
2026-02-12,Indonesia-Visakhapatnam,Panamax,Coal,22.23
2026-02-13,Indonesia-Visakhapatnam,Panamax,Coal,22.19
2026-02-14,Indonesia-Visakhapatnam,Panamax,Coal,22.35
2026-02-15,Indonesia-Visakhapatnam,Panamax,Coal,22.49
2026-02-16,Indonesia-Visakhapatnam,Panamax,Coal,23.54
2026-02-17,Indonesia-Visakhapatnam,Panamax,Coal,22.55
2026-02-18,Indonesia-Visakhapatnam,Panamax,Coal,23.16
2026-02-19,Indonesia-Visakhapatnam,Panamax,Coal,22.42
2026-02-20,Indonesia-Visakhapatnam,Panamax,Coal,22.56
2026-02-21,Indonesia-Visakhapatnam,Panamax,Coal,22.72
2026-02-22,Indonesia-Visakhapatnam,Panamax,Coal,22.53
2026-02-23,Indonesia-Visakhapatnam,Panamax,Coal,23.67
2026-02-24,Indonesia-Visakhapatnam,Panamax,Coal,23.71
2026-02-25,Indonesia-Visakhapatnam,Panamax,Coal,22.1
2026-02-26,Indonesia-Visakhapatnam,Panamax,Coal,21.53
2026-02-27,Indonesia-Visakhapatnam,Panamax,Coal,22.2
2026-02-28,Indonesia-Visakhapatnam,Panamax,Coal,21.46
2026-03-01,Indonesia-Visakhapatnam,Panamax,Coal,21.62
2026-03-02,Indonesia-Visakhapatnam,Panamax,Coal,24.22
2026-03-03,Indonesia-Visakhapatnam,Panamax,Coal,23.84
2026-03-04,Indonesia-Visakhapatnam,Panamax,Coal,22.63
2026-03-05,Indonesia-Visakhapatnam,Panamax,Coal,22.03
2026-03-06,Indonesia-Visakhapatnam,Panamax,Coal,22.0
2026-03-07,Indonesia-Visakhapatnam,Panamax,Coal,22.66
2026-03-08,Indonesia-Visakhapatnam,Panamax,Coal,22.54
2026-03-09,Indonesia-Visakhapatnam,Panamax,Coal,22.43
2026-03-10,Indonesia-Visakhapatnam,Panamax,Coal,23.0
2026-03-11,Indonesia-Visakhapatnam,Panamax,Coal,22.3
2026-03-12,Indonesia-Visakhapatnam,Panamax,Coal,21.77
2026-03-13,Indonesia-Visakhapatnam,Panamax,Coal,21.37
2026-03-14,Indonesia-Visakhapatnam,Panamax,Coal,21.58
2026-03-15,Indonesia-Visakhapatnam,Panamax,Coal,22.57
2026-03-16,Indonesia-Visakhapatnam,Panamax,Coal,22.82
2026-03-17,Indonesia-Visakhapatnam,Panamax,Coal,22.64
2026-03-18,Indonesia-Visakhapatnam,Panamax,Coal,22.55
2026-03-19,Indonesia-Visakhapatnam,Panamax,Coal,21.74
2026-03-20,Indonesia-Visakhapatnam,Panamax,Coal,21.69
2026-03-21,Indonesia-Visakhapatnam,Panamax,Coal,21.09
2026-03-22,Indonesia-Visakhapatnam,Panamax,Coal,21.93
2026-03-23,Indonesia-Visakhapatnam,Panamax,Coal,23.18
2026-03-24,Indonesia-Visakhapatnam,Panamax,Coal,22.84
2026-03-25,Indonesia-Visakhapatnam,Panamax,Coal,22.78
2026-03-26,Indonesia-Visakhapatnam,Panamax,Coal,21.77
2026-03-27,Indonesia-Visakhapatnam,Panamax,Coal,20.95
2026-03-28,Indonesia-Visakhapatnam,Panamax,Coal,21.21
2026-03-29,Indonesia-Visakhapatnam,Panamax,Coal,21.93
2026-03-30,Indonesia-Visakhapatnam,Panamax,Coal,21.94
2026-03-31,Indonesia-Visakhapatnam,Panamax,Coal,22.46
2026-04-01,Indonesia-Visakhapatnam,Panamax,Coal,22.28
2026-04-02,Indonesia-Visakhapatnam,Panamax,Coal,21.04
2026-04-03,Indonesia-Visakhapatnam,Panamax,Coal,21.66
2026-04-04,Indonesia-Visakhapatnam,Panamax,Coal,20.89
2026-04-05,Indonesia-Visakhapatnam,Panamax,Coal,22.13
2026-04-06,Indonesia-Visakhapatnam,Panamax,Coal,22.54
2026-04-07,Indonesia-Visakhapatnam,Panamax,Coal,21.85
2026-04-08,Indonesia-Visakhapatnam,Panamax,Coal,22.23
2026-04-09,Indonesia-Visakhapatnam,Panamax,Coal,21.38
2026-04-10,Indonesia-Visakhapatnam,Panamax,Coal,20.76
2026-04-11,Indonesia-Visakhapatnam,Panamax,Coal,21.52
2026-04-12,Indonesia-Visakhapatnam,Panamax,Coal,21.31
2026-04-13,Indonesia-Visakhapatnam,Panamax,Coal,22.28
2026-04-14,Indonesia-Visakhapatnam,Panamax,Coal,22.66
2026-04-15,Indonesia-Visakhapatnam,Panamax,Coal,21.49
2026-04-16,Indonesia-Visakhapatnam,Panamax,Coal,21.42
2026-04-17,Indonesia-Visakhapatnam,Panamax,Coal,21.48
2026-04-18,Indonesia-Visakhapatnam,Panamax,Coal,21.5
2026-04-19,Indonesia-Visakhapatnam,Panamax,Coal,20.95
2026-04-20,Indonesia-Visakhapatnam,Panamax,Coal,22.33
2026-04-21,Indonesia-Visakhapatnam,Panamax,Coal,22.16
2026-04-22,Indonesia-Visakhapatnam,Panamax,Coal,22.48
2026-04-23,Indonesia-Visakhapatnam,Panamax,Coal,21.31
2026-04-24,Indonesia-Visakhapatnam,Panamax,Coal,20.93
2026-04-25,Indonesia-Visakhapatnam,Panamax,Coal,22.43
2026-04-26,Indonesia-Visakhapatnam,Panamax,Coal,20.8
2026-04-27,Indonesia-Visakhapatnam,Panamax,Coal,22.3
2026-04-28,Indonesia-Visakhapatnam,Panamax,Coal,22.39
2026-04-29,Indonesia-Visakhapatnam,Panamax,Coal,21.91
2026-04-30,Indonesia-Visakhapatnam,Panamax,Coal,20.86
2026-05-01,Indonesia-Visakhapatnam,Panamax,Coal,21.14
2026-05-02,Indonesia-Visakhapatnam,Panamax,Coal,21.77
2026-05-03,Indonesia-Visakhapatnam,Panamax,Coal,21.31
2026-05-04,Indonesia-Visakhapatnam,Panamax,Coal,22.11
2026-05-05,Indonesia-Visakhapatnam,Panamax,Coal,21.94
2026-05-06,Indonesia-Visakhapatnam,Panamax,Coal,20.82
2026-05-07,Indonesia-Visakhapatnam,Panamax,Coal,21.18
2026-05-08,Indonesia-Visakhapatnam,Panamax,Coal,21.42
2026-05-09,Indonesia-Visakhapatnam,Panamax,Coal,20.55
2026-05-10,Indonesia-Visakhapatnam,Panamax,Coal,21.52
2026-05-11,Indonesia-Visakhapatnam,Panamax,Coal,21.55
2026-05-12,Indonesia-Visakhapatnam,Panamax,Coal,21.65
2026-05-13,Indonesia-Visakhapatnam,Panamax,Coal,22.01
2026-05-14,Indonesia-Visakhapatnam,Panamax,Coal,21.28
2026-05-15,Indonesia-Visakhapatnam,Panamax,Coal,20.16
2026-05-16,Indonesia-Visakhapatnam,Panamax,Coal,20.48
2026-05-17,Indonesia-Visakhapatnam,Panamax,Coal,20.44
2026-05-18,Indonesia-Visakhapatnam,Panamax,Coal,21.96
2026-05-19,Indonesia-Visakhapatnam,Panamax,Coal,21.48
2026-05-20,Indonesia-Visakhapatnam,Panamax,Coal,21.18
2026-05-21,Indonesia-Visakhapatnam,Panamax,Coal,20.74
2026-05-22,Indonesia-Visakhapatnam,Panamax,Coal,20.19
2026-05-23,Indonesia-Visakhapatnam,Panamax,Coal,20.85
2026-05-24,Indonesia-Visakhapatnam,Panamax,Coal,21.49
2026-05-25,Indonesia-Visakhapatnam,Panamax,Coal,20.96
2026-05-26,Indonesia-Visakhapatnam,Panamax,Coal,21.98
2026-05-27,Indonesia-Visakhapatnam,Panamax,Coal,20.99
2026-05-28,Indonesia-Visakhapatnam,Panamax,Coal,20.91
2026-05-29,Indonesia-Visakhapatnam,Panamax,Coal,20.74
2026-05-30,Indonesia-Visakhapatnam,Panamax,Coal,20.63
2026-05-31,Indonesia-Visakhapatnam,Panamax,Coal,20.4
2026-06-01,Indonesia-Visakhapatnam,Panamax,Coal,21.29
2026-06-02,Indonesia-Visakhapatnam,Panamax,Coal,22.73
2026-06-03,Indonesia-Visakhapatnam,Panamax,Coal,21.54
2026-06-04,Indonesia-Visakhapatnam,Panamax,Coal,21.35
2026-06-05,Indonesia-Visakhapatnam,Panamax,Coal,19.64
2026-06-06,Indonesia-Visakhapatnam,Panamax,Coal,20.69
2026-06-07,Indonesia-Visakhapatnam,Panamax,Coal,20.84
2026-06-08,Indonesia-Visakhapatnam,Panamax,Coal,20.89
2026-06-09,Indonesia-Visakhapatnam,Panamax,Coal,21.63
2026-06-10,Indonesia-Visakhapatnam,Panamax,Coal,21.7
2026-06-11,Indonesia-Visakhapatnam,Panamax,Coal,20.83
2026-06-12,Indonesia-Visakhapatnam,Panamax,Coal,19.52
2026-06-13,Indonesia-Visakhapatnam,Panamax,Coal,19.7
2026-06-14,Indonesia-Visakhapatnam,Panamax,Coal,20.63
2026-06-15,Indonesia-Visakhapatnam,Panamax,Coal,21.83
2026-06-16,Indonesia-Visakhapatnam,Panamax,Coal,22.05
2026-06-17,Indonesia-Visakhapatnam,Panamax,Coal,21.38
2026-06-18,Indonesia-Visakhapatnam,Panamax,Coal,21.65
2026-06-19,Indonesia-Visakhapatnam,Panamax,Coal,21.75
2026-06-20,Indonesia-Visakhapatnam,Panamax,Coal,21.79
2026-06-21,Indonesia-Visakhapatnam,Panamax,Coal,21.64
2026-06-22,Indonesia-Visakhapatnam,Panamax,Coal,22.48
2026-06-23,Indonesia-Visakhapatnam,Panamax,Coal,22.6
2026-06-24,Indonesia-Visakhapatnam,Panamax,Coal,21.09
2026-06-25,Indonesia-Visakhapatnam,Panamax,Coal,22.13
2026-06-26,Indonesia-Visakhapatnam,Panamax,Coal,21.64
2026-06-27,Indonesia-Visakhapatnam,Panamax,Coal,21.37
2026-06-28,Indonesia-Visakhapatnam,Panamax,Coal,21.59
2026-06-29,Indonesia-Visakhapatnam,Panamax,Coal,21.94
2026-06-30,Indonesia-Visakhapatnam,Panamax,Coal,22.59
2026-07-01,Indonesia-Visakhapatnam,Panamax,Coal,21.37
2026-07-02,Indonesia-Visakhapatnam,Panamax,Coal,22.21
2026-07-03,Indonesia-Visakhapatnam,Panamax,Coal,20.68
2026-07-04,Indonesia-Visakhapatnam,Panamax,Coal,20.21
2026-07-05,Indonesia-Visakhapatnam,Panamax,Coal,21.82
2026-07-06,Indonesia-Visakhapatnam,Panamax,Coal,21.77
2026-07-07,Indonesia-Visakhapatnam,Panamax,Coal,22.41
2026-07-08,Indonesia-Visakhapatnam,Panamax,Coal,22.24
2026-07-09,Indonesia-Visakhapatnam,Panamax,Coal,21.97
2026-07-10,Indonesia-Visakhapatnam,Panamax,Coal,21.56
2026-07-11,Indonesia-Visakhapatnam,Panamax,Coal,21.77
2026-07-12,Indonesia-Visakhapatnam,Panamax,Coal,21.69
2026-07-13,Indonesia-Visakhapatnam,Panamax,Coal,22.68
2026-07-14,Indonesia-Visakhapatnam,Panamax,Coal,22.17
2026-07-15,Indonesia-Visakhapatnam,Panamax,Coal,21.56
2026-07-16,Indonesia-Visakhapatnam,Panamax,Coal,21.14
2026-07-17,Indonesia-Visakhapatnam,Panamax,Coal,21.92
2026-07-18,Indonesia-Visakhapatnam,Panamax,Coal,22.39
2026-07-19,Indonesia-Visakhapatnam,Panamax,Coal,21.97
2026-07-20,Indonesia-Visakhapatnam,Panamax,Coal,22.49
2026-07-21,Indonesia-Visakhapatnam,Panamax,Coal,22.16
2026-07-22,Indonesia-Visakhapatnam,Panamax,Coal,23.11
2026-07-23,Indonesia-Visakhapatnam,Panamax,Coal,22.82
2026-07-24,Indonesia-Visakhapatnam,Panamax,Coal,21.79
2026-07-25,Indonesia-Visakhapatnam,Panamax,Coal,20.6
2026-07-26,Indonesia-Visakhapatnam,Panamax,Coal,22.28
2026-07-27,Indonesia-Visakhapatnam,Panamax,Coal,22.86
2026-07-28,Indonesia-Visakhapatnam,Panamax,Coal,21.78
2026-07-29,Indonesia-Visakhapatnam,Panamax,Coal,20.67
2026-07-30,Indonesia-Visakhapatnam,Panamax,Coal,22.33
2026-07-31,Indonesia-Visakhapatnam,Panamax,Coal,21.73
2026-08-01,Indonesia-Visakhapatnam,Panamax,Coal,21.4
2026-08-02,Indonesia-Visakhapatnam,Panamax,Coal,22.25
2026-08-03,Indonesia-Visakhapatnam,Panamax,Coal,22.11
2026-08-04,Indonesia-Visakhapatnam,Panamax,Coal,22.17
2026-08-05,Indonesia-Visakhapatnam,Panamax,Coal,22.0
2026-08-06,Indonesia-Visakhapatnam,Panamax,Coal,22.68
2026-08-07,Indonesia-Visakhapatnam,Panamax,Coal,21.16
2026-08-08,Indonesia-Visakhapatnam,Panamax,Coal,22.21
2026-08-09,Indonesia-Visakhapatnam,Panamax,Coal,21.46
2026-08-10,Indonesia-Visakhapatnam,Panamax,Coal,22.99
2026-08-11,Indonesia-Visakhapatnam,Panamax,Coal,22.25
2026-08-12,Indonesia-Visakhapatnam,Panamax,Coal,22.41
2026-08-13,Indonesia-Visakhapatnam,Panamax,Coal,21.38
2026-08-14,Indonesia-Visakhapatnam,Panamax,Coal,22.06
2026-08-15,Indonesia-Visakhapatnam,Panamax,Coal,22.48
2026-08-16,Indonesia-Visakhapatnam,Panamax,Coal,22.35
2026-08-17,Indonesia-Visakhapatnam,Panamax,Coal,22.51
2026-08-18,Indonesia-Visakhapatnam,Panamax,Coal,22.87
2026-08-19,Indonesia-Visakhapatnam,Panamax,Coal,22.16
2026-08-20,Indonesia-Visakhapatnam,Panamax,Coal,21.8
2026-08-21,Indonesia-Visakhapatnam,Panamax,Coal,21.6
2026-08-22,Indonesia-Visakhapatnam,Panamax,Coal,21.21
2026-08-23,Indonesia-Visakhapatnam,Panamax,Coal,22.91
2026-08-24,Indonesia-Visakhapatnam,Panamax,Coal,21.51
2026-08-25,Indonesia-Visakhapatnam,Panamax,Coal,23.09
2026-08-26,Indonesia-Visakhapatnam,Panamax,Coal,22.94
2026-08-27,Indonesia-Visakhapatnam,Panamax,Coal,21.96
2026-08-28,Indonesia-Visakhapatnam,Panamax,Coal,22.16
2026-08-29,Indonesia-Visakhapatnam,Panamax,Coal,20.91
2026-08-30,Indonesia-Visakhapatnam,Panamax,Coal,22.83
2026-08-31,Indonesia-Visakhapatnam,Panamax,Coal,22.08
2024-09-01,Mozambique-Dhamra,Handysize,Coal,17.5
2024-09-02,Mozambique-Dhamra,Handysize,Coal,17.64
2024-09-03,Mozambique-Dhamra,Handysize,Coal,19.43
2024-09-04,Mozambique-Dhamra,Handysize,Coal,17.41
2024-09-05,Mozambique-Dhamra,Handysize,Coal,18.09
2024-09-06,Mozambique-Dhamra,Handysize,Coal,17.63
2024-09-07,Mozambique-Dhamra,Handysize,Coal,17.84
2024-09-08,Mozambique-Dhamra,Handysize,Coal,18.17
2024-09-09,Mozambique-Dhamra,Handysize,Coal,18.46
2024-09-10,Mozambique-Dhamra,Handysize,Coal,18.82
2024-09-11,Mozambique-Dhamra,Handysize,Coal,17.97
2024-09-12,Mozambique-Dhamra,Handysize,Coal,18.76
2024-09-13,Mozambique-Dhamra,Handysize,Coal,18.86
2024-09-14,Mozambique-Dhamra,Handysize,Coal,17.95
2024-09-15,Mozambique-Dhamra,Handysize,Coal,18.59
2024-09-16,Mozambique-Dhamra,Handysize,Coal,18.69
2024-09-17,Mozambique-Dhamra,Handysize,Coal,19.62
2024-09-18,Mozambique-Dhamra,Handysize,Coal,18.95
2024-09-19,Mozambique-Dhamra,Handysize,Coal,19.8
2024-09-20,Mozambique-Dhamra,Handysize,Coal,17.44
2024-09-21,Mozambique-Dhamra,Handysize,Coal,18.62
2024-09-22,Mozambique-Dhamra,Handysize,Coal,18.71
2024-09-23,Mozambique-Dhamra,Handysize,Coal,18.32
2024-09-24,Mozambique-Dhamra,Handysize,Coal,19.04
2024-09-25,Mozambique-Dhamra,Handysize,Coal,18.21
2024-09-26,Mozambique-Dhamra,Handysize,Coal,18.61
2024-09-27,Mozambique-Dhamra,Handysize,Coal,17.62
2024-09-28,Mozambique-Dhamra,Handysize,Coal,18.86
2024-09-29,Mozambique-Dhamra,Handysize,Coal,20.17
2024-09-30,Mozambique-Dhamra,Handysize,Coal,18.23
2024-10-01,Mozambique-Dhamra,Handysize,Coal,20.26
2024-10-02,Mozambique-Dhamra,Handysize,Coal,19.21
2024-10-03,Mozambique-Dhamra,Handysize,Coal,18.36
2024-10-04,Mozambique-Dhamra,Handysize,Coal,18.15
2024-10-05,Mozambique-Dhamra,Handysize,Coal,17.36
2024-10-06,Mozambique-Dhamra,Handysize,Coal,19.38
2024-10-07,Mozambique-Dhamra,Handysize,Coal,19.59
2024-10-08,Mozambique-Dhamra,Handysize,Coal,19.68
2024-10-09,Mozambique-Dhamra,Handysize,Coal,18.45
2024-10-10,Mozambique-Dhamra,Handysize,Coal,18.93
2024-10-11,Mozambique-Dhamra,Handysize,Coal,17.7
2024-10-12,Mozambique-Dhamra,Handysize,Coal,19.11
2024-10-13,Mozambique-Dhamra,Handysize,Coal,19.53
2024-10-14,Mozambique-Dhamra,Handysize,Coal,19.82
2024-10-15,Mozambique-Dhamra,Handysize,Coal,19.82
2024-10-16,Mozambique-Dhamra,Handysize,Coal,20.11
2024-10-17,Mozambique-Dhamra,Handysize,Coal,20.15
2024-10-18,Mozambique-Dhamra,Handysize,Coal,20.2
2024-10-19,Mozambique-Dhamra,Handysize,Coal,19.7
2024-10-20,Mozambique-Dhamra,Handysize,Coal,18.87
2024-10-21,Mozambique-Dhamra,Handysize,Coal,20.09
2024-10-22,Mozambique-Dhamra,Handysize,Coal,18.66
2024-10-23,Mozambique-Dhamra,Handysize,Coal,20.03
2024-10-24,Mozambique-Dhamra,Handysize,Coal,19.98
2024-10-25,Mozambique-Dhamra,Handysize,Coal,18.99
2024-10-26,Mozambique-Dhamra,Handysize,Coal,19.96
2024-10-27,Mozambique-Dhamra,Handysize,Coal,19.25
2024-10-28,Mozambique-Dhamra,Handysize,Coal,19.9
2024-10-29,Mozambique-Dhamra,Handysize,Coal,19.37
2024-10-30,Mozambique-Dhamra,Handysize,Coal,19.16
2024-10-31,Mozambique-Dhamra,Handysize,Coal,18.99
2024-11-01,Mozambique-Dhamra,Handysize,Coal,19.39
2024-11-02,Mozambique-Dhamra,Handysize,Coal,18.76
2024-11-03,Mozambique-Dhamra,Handysize,Coal,19.18
2024-11-04,Mozambique-Dhamra,Handysize,Coal,19.66
2024-11-05,Mozambique-Dhamra,Handysize,Coal,18.99
2024-11-06,Mozambique-Dhamra,Handysize,Coal,19.28
2024-11-07,Mozambique-Dhamra,Handysize,Coal,19.66
2024-11-08,Mozambique-Dhamra,Handysize,Coal,18.02
2024-11-09,Mozambique-Dhamra,Handysize,Coal,19.28
2024-11-10,Mozambique-Dhamra,Handysize,Coal,19.28
2024-11-11,Mozambique-Dhamra,Handysize,Coal,20.01
2024-11-12,Mozambique-Dhamra,Handysize,Coal,21.0
2024-11-13,Mozambique-Dhamra,Handysize,Coal,19.34
2024-11-14,Mozambique-Dhamra,Handysize,Coal,19.92
2024-11-15,Mozambique-Dhamra,Handysize,Coal,18.85
2024-11-16,Mozambique-Dhamra,Handysize,Coal,18.84
2024-11-17,Mozambique-Dhamra,Handysize,Coal,20.14
2024-11-18,Mozambique-Dhamra,Handysize,Coal,21.04
2024-11-19,Mozambique-Dhamra,Handysize,Coal,18.62
2024-11-20,Mozambique-Dhamra,Handysize,Coal,19.64
2024-11-21,Mozambique-Dhamra,Handysize,Coal,18.43
2024-11-22,Mozambique-Dhamra,Handysize,Coal,18.48
2024-11-23,Mozambique-Dhamra,Handysize,Coal,19.39
2024-11-24,Mozambique-Dhamra,Handysize,Coal,19.38
2024-11-25,Mozambique-Dhamra,Handysize,Coal,21.23
2024-11-26,Mozambique-Dhamra,Handysize,Coal,19.33
2024-11-27,Mozambique-Dhamra,Handysize,Coal,19.57
2024-11-28,Mozambique-Dhamra,Handysize,Coal,19.01
2024-11-29,Mozambique-Dhamra,Handysize,Coal,19.41
2024-11-30,Mozambique-Dhamra,Handysize,Coal,18.79
2024-12-01,Mozambique-Dhamra,Handysize,Coal,21.22
2024-12-02,Mozambique-Dhamra,Handysize,Coal,20.06
2024-12-03,Mozambique-Dhamra,Handysize,Coal,19.9
2024-12-04,Mozambique-Dhamra,Handysize,Coal,19.37
2024-12-05,Mozambique-Dhamra,Handysize,Coal,19.82
2024-12-06,Mozambique-Dhamra,Handysize,Coal,18.58
2024-12-07,Mozambique-Dhamra,Handysize,Coal,19.99
2024-12-08,Mozambique-Dhamra,Handysize,Coal,19.14
2024-12-09,Mozambique-Dhamra,Handysize,Coal,20.02
2024-12-10,Mozambique-Dhamra,Handysize,Coal,19.29
2024-12-11,Mozambique-Dhamra,Handysize,Coal,18.17
2024-12-12,Mozambique-Dhamra,Handysize,Coal,18.76
2024-12-13,Mozambique-Dhamra,Handysize,Coal,18.36
2024-12-14,Mozambique-Dhamra,Handysize,Coal,19.75
2024-12-15,Mozambique-Dhamra,Handysize,Coal,19.38
2024-12-16,Mozambique-Dhamra,Handysize,Coal,19.13
2024-12-17,Mozambique-Dhamra,Handysize,Coal,19.05
2024-12-18,Mozambique-Dhamra,Handysize,Coal,19.28
2024-12-19,Mozambique-Dhamra,Handysize,Coal,18.38
2024-12-20,Mozambique-Dhamra,Handysize,Coal,18.08
2024-12-21,Mozambique-Dhamra,Handysize,Coal,16.83
2024-12-22,Mozambique-Dhamra,Handysize,Coal,18.82
2024-12-23,Mozambique-Dhamra,Handysize,Coal,19.55
2024-12-24,Mozambique-Dhamra,Handysize,Coal,19.31
2024-12-25,Mozambique-Dhamra,Handysize,Coal,19.13
2024-12-26,Mozambique-Dhamra,Handysize,Coal,20.16
2024-12-27,Mozambique-Dhamra,Handysize,Coal,18.62
2024-12-28,Mozambique-Dhamra,Handysize,Coal,19.21
2024-12-29,Mozambique-Dhamra,Handysize,Coal,17.35
2024-12-30,Mozambique-Dhamra,Handysize,Coal,19.36
2024-12-31,Mozambique-Dhamra,Handysize,Coal,18.48
2025-01-01,Mozambique-Dhamra,Handysize,Coal,19.57
2025-01-02,Mozambique-Dhamra,Handysize,Coal,18.32
2025-01-03,Mozambique-Dhamra,Handysize,Coal,18.88
2025-01-04,Mozambique-Dhamra,Handysize,Coal,19.26
2025-01-05,Mozambique-Dhamra,Handysize,Coal,18.6
2025-01-06,Mozambique-Dhamra,Handysize,Coal,19.0
2025-01-07,Mozambique-Dhamra,Handysize,Coal,19.11
2025-01-08,Mozambique-Dhamra,Handysize,Coal,20.09
2025-01-09,Mozambique-Dhamra,Handysize,Coal,18.41
2025-01-10,Mozambique-Dhamra,Handysize,Coal,18.24
2025-01-11,Mozambique-Dhamra,Handysize,Coal,18.93
2025-01-12,Mozambique-Dhamra,Handysize,Coal,18.49
2025-01-13,Mozambique-Dhamra,Handysize,Coal,19.6
2025-01-14,Mozambique-Dhamra,Handysize,Coal,19.44
2025-01-15,Mozambique-Dhamra,Handysize,Coal,19.31
2025-01-16,Mozambique-Dhamra,Handysize,Coal,17.6
2025-01-17,Mozambique-Dhamra,Handysize,Coal,19.42
2025-01-18,Mozambique-Dhamra,Handysize,Coal,18.08
2025-01-19,Mozambique-Dhamra,Handysize,Coal,18.91
2025-01-20,Mozambique-Dhamra,Handysize,Coal,18.61
2025-01-21,Mozambique-Dhamra,Handysize,Coal,17.81
2025-01-22,Mozambique-Dhamra,Handysize,Coal,19.34
2025-01-23,Mozambique-Dhamra,Handysize,Coal,18.27
2025-01-24,Mozambique-Dhamra,Handysize,Coal,18.52
2025-01-25,Mozambique-Dhamra,Handysize,Coal,18.62
2025-01-26,Mozambique-Dhamra,Handysize,Coal,19.22
2025-01-27,Mozambique-Dhamra,Handysize,Coal,18.2
2025-01-28,Mozambique-Dhamra,Handysize,Coal,19.11
2025-01-29,Mozambique-Dhamra,Handysize,Coal,19.82
2025-01-30,Mozambique-Dhamra,Handysize,Coal,18.85
2025-01-31,Mozambique-Dhamra,Handysize,Coal,17.71
2025-02-01,Mozambique-Dhamra,Handysize,Coal,16.92
2025-02-02,Mozambique-Dhamra,Handysize,Coal,18.75
2025-02-03,Mozambique-Dhamra,Handysize,Coal,18.65
2025-02-04,Mozambique-Dhamra,Handysize,Coal,17.37
2025-02-05,Mozambique-Dhamra,Handysize,Coal,18.54
2025-02-06,Mozambique-Dhamra,Handysize,Coal,17.99
2025-02-07,Mozambique-Dhamra,Handysize,Coal,17.45
2025-02-08,Mozambique-Dhamra,Handysize,Coal,18.05
2025-02-09,Mozambique-Dhamra,Handysize,Coal,17.07
2025-02-10,Mozambique-Dhamra,Handysize,Coal,18.15
2025-02-11,Mozambique-Dhamra,Handysize,Coal,17.88
2025-02-12,Mozambique-Dhamra,Handysize,Coal,18.84
2025-02-13,Mozambique-Dhamra,Handysize,Coal,18.0
2025-02-14,Mozambique-Dhamra,Handysize,Coal,16.36
2025-02-15,Mozambique-Dhamra,Handysize,Coal,17.85
2025-02-16,Mozambique-Dhamra,Handysize,Coal,18.76
2025-02-17,Mozambique-Dhamra,Handysize,Coal,18.28
2025-02-18,Mozambique-Dhamra,Handysize,Coal,19.58
2025-02-19,Mozambique-Dhamra,Handysize,Coal,18.54
2025-02-20,Mozambique-Dhamra,Handysize,Coal,17.28
2025-02-21,Mozambique-Dhamra,Handysize,Coal,16.67
2025-02-22,Mozambique-Dhamra,Handysize,Coal,17.78
2025-02-23,Mozambique-Dhamra,Handysize,Coal,18.2
2025-02-24,Mozambique-Dhamra,Handysize,Coal,17.17
2025-02-25,Mozambique-Dhamra,Handysize,Coal,18.65
2025-02-26,Mozambique-Dhamra,Handysize,Coal,17.18
2025-02-27,Mozambique-Dhamra,Handysize,Coal,17.65
2025-02-28,Mozambique-Dhamra,Handysize,Coal,15.91
2025-03-01,Mozambique-Dhamra,Handysize,Coal,16.36
2025-03-02,Mozambique-Dhamra,Handysize,Coal,17.78
2025-03-03,Mozambique-Dhamra,Handysize,Coal,17.68
2025-03-04,Mozambique-Dhamra,Handysize,Coal,18.33
2025-03-05,Mozambique-Dhamra,Handysize,Coal,17.12
2025-03-06,Mozambique-Dhamra,Handysize,Coal,17.46
2025-03-07,Mozambique-Dhamra,Handysize,Coal,16.32
2025-03-08,Mozambique-Dhamra,Handysize,Coal,17.61
2025-03-09,Mozambique-Dhamra,Handysize,Coal,17.17
2025-03-10,Mozambique-Dhamra,Handysize,Coal,17.5
2025-03-11,Mozambique-Dhamra,Handysize,Coal,18.42
2025-03-12,Mozambique-Dhamra,Handysize,Coal,17.23
2025-03-13,Mozambique-Dhamra,Handysize,Coal,17.7
2025-03-14,Mozambique-Dhamra,Handysize,Coal,15.54
2025-03-15,Mozambique-Dhamra,Handysize,Coal,18.03
2025-03-16,Mozambique-Dhamra,Handysize,Coal,16.84
2025-03-17,Mozambique-Dhamra,Handysize,Coal,16.01
2025-03-18,Mozambique-Dhamra,Handysize,Coal,17.93
2025-03-19,Mozambique-Dhamra,Handysize,Coal,16.5
2025-03-20,Mozambique-Dhamra,Handysize,Coal,15.78
2025-03-21,Mozambique-Dhamra,Handysize,Coal,16.33
2025-03-22,Mozambique-Dhamra,Handysize,Coal,16.73
2025-03-23,Mozambique-Dhamra,Handysize,Coal,16.84
2025-03-24,Mozambique-Dhamra,Handysize,Coal,17.05
2025-03-25,Mozambique-Dhamra,Handysize,Coal,15.86
2025-03-26,Mozambique-Dhamra,Handysize,Coal,15.55
2025-03-27,Mozambique-Dhamra,Handysize,Coal,17.09
2025-03-28,Mozambique-Dhamra,Handysize,Coal,15.73
2025-03-29,Mozambique-Dhamra,Handysize,Coal,15.6
2025-03-30,Mozambique-Dhamra,Handysize,Coal,16.16
2025-03-31,Mozambique-Dhamra,Handysize,Coal,16.14
2025-04-01,Mozambique-Dhamra,Handysize,Coal,16.17
2025-04-02,Mozambique-Dhamra,Handysize,Coal,15.43
2025-04-03,Mozambique-Dhamra,Handysize,Coal,15.62
2025-04-04,Mozambique-Dhamra,Handysize,Coal,14.84
2025-04-05,Mozambique-Dhamra,Handysize,Coal,14.33
2025-04-06,Mozambique-Dhamra,Handysize,Coal,15.83
2025-04-07,Mozambique-Dhamra,Handysize,Coal,16.24
2025-04-08,Mozambique-Dhamra,Handysize,Coal,15.51
2025-04-09,Mozambique-Dhamra,Handysize,Coal,15.21
2025-04-10,Mozambique-Dhamra,Handysize,Coal,15.3
2025-04-11,Mozambique-Dhamra,Handysize,Coal,15.31
2025-04-12,Mozambique-Dhamra,Handysize,Coal,15.68
2025-04-13,Mozambique-Dhamra,Handysize,Coal,15.27
2025-04-14,Mozambique-Dhamra,Handysize,Coal,16.19
2025-04-15,Mozambique-Dhamra,Handysize,Coal,16.33
2025-04-16,Mozambique-Dhamra,Handysize,Coal,15.86
2025-04-17,Mozambique-Dhamra,Handysize,Coal,15.18
2025-04-18,Mozambique-Dhamra,Handysize,Coal,14.69
2025-04-19,Mozambique-Dhamra,Handysize,Coal,13.19
2025-04-20,Mozambique-Dhamra,Handysize,Coal,14.69
2025-04-21,Mozambique-Dhamra,Handysize,Coal,14.32
2025-04-22,Mozambique-Dhamra,Handysize,Coal,16.58
2025-04-23,Mozambique-Dhamra,Handysize,Coal,13.96
2025-04-24,Mozambique-Dhamra,Handysize,Coal,14.33
2025-04-25,Mozambique-Dhamra,Handysize,Coal,15.17
2025-04-26,Mozambique-Dhamra,Handysize,Coal,13.51
2025-04-27,Mozambique-Dhamra,Handysize,Coal,14.99
2025-04-28,Mozambique-Dhamra,Handysize,Coal,15.38
2025-04-29,Mozambique-Dhamra,Handysize,Coal,16.07
2025-04-30,Mozambique-Dhamra,Handysize,Coal,16.04
2025-05-01,Mozambique-Dhamra,Handysize,Coal,14.96
2025-05-02,Mozambique-Dhamra,Handysize,Coal,14.3
2025-05-03,Mozambique-Dhamra,Handysize,Coal,15.11
2025-05-04,Mozambique-Dhamra,Handysize,Coal,15.08
2025-05-05,Mozambique-Dhamra,Handysize,Coal,15.33
2025-05-06,Mozambique-Dhamra,Handysize,Coal,16.21
2025-05-07,Mozambique-Dhamra,Handysize,Coal,16.58
2025-05-08,Mozambique-Dhamra,Handysize,Coal,15.14
2025-05-09,Mozambique-Dhamra,Handysize,Coal,14.38
2025-05-10,Mozambique-Dhamra,Handysize,Coal,13.51
2025-05-11,Mozambique-Dhamra,Handysize,Coal,15.34
2025-05-12,Mozambique-Dhamra,Handysize,Coal,14.63
2025-05-13,Mozambique-Dhamra,Handysize,Coal,14.85
2025-05-14,Mozambique-Dhamra,Handysize,Coal,15.0
2025-05-15,Mozambique-Dhamra,Handysize,Coal,14.21
2025-05-16,Mozambique-Dhamra,Handysize,Coal,13.49
2025-05-17,Mozambique-Dhamra,Handysize,Coal,13.51
2025-05-18,Mozambique-Dhamra,Handysize,Coal,13.5
2025-05-19,Mozambique-Dhamra,Handysize,Coal,13.78
2025-05-20,Mozambique-Dhamra,Handysize,Coal,15.22
2025-05-21,Mozambique-Dhamra,Handysize,Coal,13.89
2025-05-22,Mozambique-Dhamra,Handysize,Coal,14.65
2025-05-23,Mozambique-Dhamra,Handysize,Coal,14.14
2025-05-24,Mozambique-Dhamra,Handysize,Coal,14.36
2025-05-25,Mozambique-Dhamra,Handysize,Coal,14.62
2025-05-26,Mozambique-Dhamra,Handysize,Coal,13.59
2025-05-27,Mozambique-Dhamra,Handysize,Coal,12.56
2025-05-28,Mozambique-Dhamra,Handysize,Coal,13.85
2025-05-29,Mozambique-Dhamra,Handysize,Coal,13.68
2025-05-30,Mozambique-Dhamra,Handysize,Coal,12.95
2025-05-31,Mozambique-Dhamra,Handysize,Coal,13.01
2025-06-01,Mozambique-Dhamra,Handysize,Coal,13.49
2025-06-02,Mozambique-Dhamra,Handysize,Coal,14.59
2025-06-03,Mozambique-Dhamra,Handysize,Coal,14.31
2025-06-04,Mozambique-Dhamra,Handysize,Coal,14.17
2025-06-05,Mozambique-Dhamra,Handysize,Coal,13.8
2025-06-06,Mozambique-Dhamra,Handysize,Coal,13.77
2025-06-07,Mozambique-Dhamra,Handysize,Coal,14.09
2025-06-08,Mozambique-Dhamra,Handysize,Coal,13.31
2025-06-09,Mozambique-Dhamra,Handysize,Coal,13.8
2025-06-10,Mozambique-Dhamra,Handysize,Coal,14.65
2025-06-11,Mozambique-Dhamra,Handysize,Coal,13.89
2025-06-12,Mozambique-Dhamra,Handysize,Coal,13.78
2025-06-13,Mozambique-Dhamra,Handysize,Coal,13.13
2025-06-14,Mozambique-Dhamra,Handysize,Coal,13.69
2025-06-15,Mozambique-Dhamra,Handysize,Coal,13.95
2025-06-16,Mozambique-Dhamra,Handysize,Coal,15.13
2025-06-17,Mozambique-Dhamra,Handysize,Coal,14.4
2025-06-18,Mozambique-Dhamra,Handysize,Coal,13.32
2025-06-19,Mozambique-Dhamra,Handysize,Coal,13.9
2025-06-20,Mozambique-Dhamra,Handysize,Coal,14.2
2025-06-21,Mozambique-Dhamra,Handysize,Coal,14.61
2025-06-22,Mozambique-Dhamra,Handysize,Coal,14.94
2025-06-23,Mozambique-Dhamra,Handysize,Coal,14.43
2025-06-24,Mozambique-Dhamra,Handysize,Coal,14.92
2025-06-25,Mozambique-Dhamra,Handysize,Coal,14.25
2025-06-26,Mozambique-Dhamra,Handysize,Coal,13.92
2025-06-27,Mozambique-Dhamra,Handysize,Coal,13.5
2025-06-28,Mozambique-Dhamra,Handysize,Coal,14.31
2025-06-29,Mozambique-Dhamra,Handysize,Coal,14.91
2025-06-30,Mozambique-Dhamra,Handysize,Coal,14.8
2025-07-01,Mozambique-Dhamra,Handysize,Coal,14.22
2025-07-02,Mozambique-Dhamra,Handysize,Coal,13.67
2025-07-03,Mozambique-Dhamra,Handysize,Coal,13.57
2025-07-04,Mozambique-Dhamra,Handysize,Coal,13.44
2025-07-05,Mozambique-Dhamra,Handysize,Coal,13.64
2025-07-06,Mozambique-Dhamra,Handysize,Coal,13.86
2025-07-07,Mozambique-Dhamra,Handysize,Coal,14.13
2025-07-08,Mozambique-Dhamra,Handysize,Coal,15.41
2025-07-09,Mozambique-Dhamra,Handysize,Coal,14.88
2025-07-10,Mozambique-Dhamra,Handysize,Coal,14.44
2025-07-11,Mozambique-Dhamra,Handysize,Coal,14.94
2025-07-12,Mozambique-Dhamra,Handysize,Coal,14.26
2025-07-13,Mozambique-Dhamra,Handysize,Coal,14.12
2025-07-14,Mozambique-Dhamra,Handysize,Coal,14.73
2025-07-15,Mozambique-Dhamra,Handysize,Coal,16.22
2025-07-16,Mozambique-Dhamra,Handysize,Coal,15.33
2025-07-17,Mozambique-Dhamra,Handysize,Coal,13.77
2025-07-18,Mozambique-Dhamra,Handysize,Coal,13.84
2025-07-19,Mozambique-Dhamra,Handysize,Coal,13.91
2025-07-20,Mozambique-Dhamra,Handysize,Coal,13.91
2025-07-21,Mozambique-Dhamra,Handysize,Coal,16.08
2025-07-22,Mozambique-Dhamra,Handysize,Coal,15.29
2025-07-23,Mozambique-Dhamra,Handysize,Coal,14.83
2025-07-24,Mozambique-Dhamra,Handysize,Coal,13.93
2025-07-25,Mozambique-Dhamra,Handysize,Coal,15.31
2025-07-26,Mozambique-Dhamra,Handysize,Coal,14.77
2025-07-27,Mozambique-Dhamra,Handysize,Coal,15.83
2025-07-28,Mozambique-Dhamra,Handysize,Coal,15.85
2025-07-29,Mozambique-Dhamra,Handysize,Coal,15.62
2025-07-30,Mozambique-Dhamra,Handysize,Coal,15.48
2025-07-31,Mozambique-Dhamra,Handysize,Coal,14.75
2025-08-01,Mozambique-Dhamra,Handysize,Coal,13.66
2025-08-02,Mozambique-Dhamra,Handysize,Coal,15.08
2025-08-03,Mozambique-Dhamra,Handysize,Coal,14.56
2025-08-04,Mozambique-Dhamra,Handysize,Coal,16.22
2025-08-05,Mozambique-Dhamra,Handysize,Coal,16.76
2025-08-06,Mozambique-Dhamra,Handysize,Coal,15.32
2025-08-07,Mozambique-Dhamra,Handysize,Coal,15.39
2025-08-08,Mozambique-Dhamra,Handysize,Coal,15.73
2025-08-09,Mozambique-Dhamra,Handysize,Coal,14.18
2025-08-10,Mozambique-Dhamra,Handysize,Coal,14.37
2025-08-11,Mozambique-Dhamra,Handysize,Coal,15.58
2025-08-12,Mozambique-Dhamra,Handysize,Coal,15.75
2025-08-13,Mozambique-Dhamra,Handysize,Coal,15.95
2025-08-14,Mozambique-Dhamra,Handysize,Coal,15.05
2025-08-15,Mozambique-Dhamra,Handysize,Coal,14.77
2025-08-16,Mozambique-Dhamra,Handysize,Coal,16.53
2025-08-17,Mozambique-Dhamra,Handysize,Coal,15.63
2025-08-18,Mozambique-Dhamra,Handysize,Coal,15.86
2025-08-19,Mozambique-Dhamra,Handysize,Coal,15.4
2025-08-20,Mozambique-Dhamra,Handysize,Coal,15.22
2025-08-21,Mozambique-Dhamra,Handysize,Coal,15.01
2025-08-22,Mozambique-Dhamra,Handysize,Coal,15.21
2025-08-23,Mozambique-Dhamra,Handysize,Coal,14.98
2025-08-24,Mozambique-Dhamra,Handysize,Coal,15.03
2025-08-25,Mozambique-Dhamra,Handysize,Coal,16.35
2025-08-26,Mozambique-Dhamra,Handysize,Coal,15.36
2025-08-27,Mozambique-Dhamra,Handysize,Coal,15.59
2025-08-28,Mozambique-Dhamra,Handysize,Coal,14.72
2025-08-29,Mozambique-Dhamra,Handysize,Coal,15.27
2025-08-30,Mozambique-Dhamra,Handysize,Coal,14.74
2025-08-31,Mozambique-Dhamra,Handysize,Coal,14.72
2025-09-01,Mozambique-Dhamra,Handysize,Coal,15.6
2025-09-02,Mozambique-Dhamra,Handysize,Coal,16.09
2025-09-03,Mozambique-Dhamra,Handysize,Coal,15.03
2025-09-04,Mozambique-Dhamra,Handysize,Coal,15.76
2025-09-05,Mozambique-Dhamra,Handysize,Coal,14.99
2025-09-06,Mozambique-Dhamra,Handysize,Coal,16.53
2025-09-07,Mozambique-Dhamra,Handysize,Coal,15.55
2025-09-08,Mozambique-Dhamra,Handysize,Coal,15.87
2025-09-09,Mozambique-Dhamra,Handysize,Coal,16.59
2025-09-10,Mozambique-Dhamra,Handysize,Coal,15.86
2025-09-11,Mozambique-Dhamra,Handysize,Coal,14.44
2025-09-12,Mozambique-Dhamra,Handysize,Coal,14.18
2025-09-13,Mozambique-Dhamra,Handysize,Coal,15.39
2025-09-14,Mozambique-Dhamra,Handysize,Coal,17.07
2025-09-15,Mozambique-Dhamra,Handysize,Coal,17.46
2025-09-16,Mozambique-Dhamra,Handysize,Coal,16.65
2025-09-17,Mozambique-Dhamra,Handysize,Coal,16.71
2025-09-18,Mozambique-Dhamra,Handysize,Coal,16.43
2025-09-19,Mozambique-Dhamra,Handysize,Coal,16.46
2025-09-20,Mozambique-Dhamra,Handysize,Coal,15.31
2025-09-21,Mozambique-Dhamra,Handysize,Coal,15.61
2025-09-22,Mozambique-Dhamra,Handysize,Coal,14.87
2025-09-23,Mozambique-Dhamra,Handysize,Coal,16.19
2025-09-24,Mozambique-Dhamra,Handysize,Coal,16.14
2025-09-25,Mozambique-Dhamra,Handysize,Coal,16.91
2025-09-26,Mozambique-Dhamra,Handysize,Coal,16.74
2025-09-27,Mozambique-Dhamra,Handysize,Coal,16.76
2025-09-28,Mozambique-Dhamra,Handysize,Coal,16.84
2025-09-29,Mozambique-Dhamra,Handysize,Coal,17.15
2025-09-30,Mozambique-Dhamra,Handysize,Coal,17.28
2025-10-01,Mozambique-Dhamra,Handysize,Coal,16.75
2025-10-02,Mozambique-Dhamra,Handysize,Coal,16.79
2025-10-03,Mozambique-Dhamra,Handysize,Coal,17.3
2025-10-04,Mozambique-Dhamra,Handysize,Coal,16.34
2025-10-05,Mozambique-Dhamra,Handysize,Coal,16.55
2025-10-06,Mozambique-Dhamra,Handysize,Coal,17.73
2025-10-07,Mozambique-Dhamra,Handysize,Coal,17.6
2025-10-08,Mozambique-Dhamra,Handysize,Coal,16.34
2025-10-09,Mozambique-Dhamra,Handysize,Coal,16.48
2025-10-10,Mozambique-Dhamra,Handysize,Coal,17.16
2025-10-11,Mozambique-Dhamra,Handysize,Coal,16.47
2025-10-12,Mozambique-Dhamra,Handysize,Coal,18.11
2025-10-13,Mozambique-Dhamra,Handysize,Coal,18.4
2025-10-14,Mozambique-Dhamra,Handysize,Coal,18.16
2025-10-15,Mozambique-Dhamra,Handysize,Coal,18.21
2025-10-16,Mozambique-Dhamra,Handysize,Coal,17.93
2025-10-17,Mozambique-Dhamra,Handysize,Coal,17.92
2025-10-18,Mozambique-Dhamra,Handysize,Coal,17.75
2025-10-19,Mozambique-Dhamra,Handysize,Coal,17.0
2025-10-20,Mozambique-Dhamra,Handysize,Coal,18.8
2025-10-21,Mozambique-Dhamra,Handysize,Coal,18.07
2025-10-22,Mozambique-Dhamra,Handysize,Coal,17.19
2025-10-23,Mozambique-Dhamra,Handysize,Coal,17.41
2025-10-24,Mozambique-Dhamra,Handysize,Coal,17.32
2025-10-25,Mozambique-Dhamra,Handysize,Coal,17.43
2025-10-26,Mozambique-Dhamra,Handysize,Coal,16.35
2025-10-27,Mozambique-Dhamra,Handysize,Coal,17.78
2025-10-28,Mozambique-Dhamra,Handysize,Coal,18.55
2025-10-29,Mozambique-Dhamra,Handysize,Coal,17.38
2025-10-30,Mozambique-Dhamra,Handysize,Coal,17.6
2025-10-31,Mozambique-Dhamra,Handysize,Coal,18.78
2025-11-01,Mozambique-Dhamra,Handysize,Coal,16.73
2025-11-02,Mozambique-Dhamra,Handysize,Coal,18.29
2025-11-03,Mozambique-Dhamra,Handysize,Coal,17.98
2025-11-04,Mozambique-Dhamra,Handysize,Coal,17.68
2025-11-05,Mozambique-Dhamra,Handysize,Coal,18.21
2025-11-06,Mozambique-Dhamra,Handysize,Coal,18.12
2025-11-07,Mozambique-Dhamra,Handysize,Coal,18.36
2025-11-08,Mozambique-Dhamra,Handysize,Coal,17.84
2025-11-09,Mozambique-Dhamra,Handysize,Coal,17.74
2025-11-10,Mozambique-Dhamra,Handysize,Coal,18.62
2025-11-11,Mozambique-Dhamra,Handysize,Coal,18.98
2025-11-12,Mozambique-Dhamra,Handysize,Coal,18.72
2025-11-13,Mozambique-Dhamra,Handysize,Coal,17.56
2025-11-14,Mozambique-Dhamra,Handysize,Coal,16.52
2025-11-15,Mozambique-Dhamra,Handysize,Coal,17.44
2025-11-16,Mozambique-Dhamra,Handysize,Coal,18.17
2025-11-17,Mozambique-Dhamra,Handysize,Coal,18.79
2025-11-18,Mozambique-Dhamra,Handysize,Coal,18.91
2025-11-19,Mozambique-Dhamra,Handysize,Coal,18.7
2025-11-20,Mozambique-Dhamra,Handysize,Coal,17.35
2025-11-21,Mozambique-Dhamra,Handysize,Coal,17.65
2025-11-22,Mozambique-Dhamra,Handysize,Coal,16.58
2025-11-23,Mozambique-Dhamra,Handysize,Coal,19.05
2025-11-24,Mozambique-Dhamra,Handysize,Coal,17.68
2025-11-25,Mozambique-Dhamra,Handysize,Coal,19.0
2025-11-26,Mozambique-Dhamra,Handysize,Coal,17.96
2025-11-27,Mozambique-Dhamra,Handysize,Coal,17.8
2025-11-28,Mozambique-Dhamra,Handysize,Coal,18.73
2025-11-29,Mozambique-Dhamra,Handysize,Coal,17.19
2025-11-30,Mozambique-Dhamra,Handysize,Coal,19.64
2025-12-01,Mozambique-Dhamra,Handysize,Coal,18.61
2025-12-02,Mozambique-Dhamra,Handysize,Coal,19.46
2025-12-03,Mozambique-Dhamra,Handysize,Coal,18.64
2025-12-04,Mozambique-Dhamra,Handysize,Coal,17.54
2025-12-05,Mozambique-Dhamra,Handysize,Coal,17.3
2025-12-06,Mozambique-Dhamra,Handysize,Coal,18.6
2025-12-07,Mozambique-Dhamra,Handysize,Coal,19.34
2025-12-08,Mozambique-Dhamra,Handysize,Coal,18.17
2025-12-09,Mozambique-Dhamra,Handysize,Coal,19.21
2025-12-10,Mozambique-Dhamra,Handysize,Coal,18.21
2025-12-11,Mozambique-Dhamra,Handysize,Coal,17.4
2025-12-12,Mozambique-Dhamra,Handysize,Coal,18.53
2025-12-13,Mozambique-Dhamra,Handysize,Coal,18.78
2025-12-14,Mozambique-Dhamra,Handysize,Coal,17.64
2025-12-15,Mozambique-Dhamra,Handysize,Coal,18.54
2025-12-16,Mozambique-Dhamra,Handysize,Coal,17.79
2025-12-17,Mozambique-Dhamra,Handysize,Coal,18.81
2025-12-18,Mozambique-Dhamra,Handysize,Coal,17.25
2025-12-19,Mozambique-Dhamra,Handysize,Coal,18.31
2025-12-20,Mozambique-Dhamra,Handysize,Coal,17.69
2025-12-21,Mozambique-Dhamra,Handysize,Coal,18.22
2025-12-22,Mozambique-Dhamra,Handysize,Coal,18.69
2025-12-23,Mozambique-Dhamra,Handysize,Coal,18.78
2025-12-24,Mozambique-Dhamra,Handysize,Coal,17.44
2025-12-25,Mozambique-Dhamra,Handysize,Coal,16.99
2025-12-26,Mozambique-Dhamra,Handysize,Coal,17.52
2025-12-27,Mozambique-Dhamra,Handysize,Coal,18.36
2025-12-28,Mozambique-Dhamra,Handysize,Coal,18.05
2025-12-29,Mozambique-Dhamra,Handysize,Coal,17.34
2025-12-30,Mozambique-Dhamra,Handysize,Coal,18.17
2025-12-31,Mozambique-Dhamra,Handysize,Coal,16.82
2026-01-01,Mozambique-Dhamra,Handysize,Coal,17.51
2026-01-02,Mozambique-Dhamra,Handysize,Coal,18.03
2026-01-03,Mozambique-Dhamra,Handysize,Coal,17.65
2026-01-04,Mozambique-Dhamra,Handysize,Coal,17.14
2026-01-05,Mozambique-Dhamra,Handysize,Coal,17.09
2026-01-06,Mozambique-Dhamra,Handysize,Coal,18.28
2026-01-07,Mozambique-Dhamra,Handysize,Coal,17.8
2026-01-08,Mozambique-Dhamra,Handysize,Coal,17.95
2026-01-09,Mozambique-Dhamra,Handysize,Coal,17.0
2026-01-10,Mozambique-Dhamra,Handysize,Coal,15.25
2026-01-11,Mozambique-Dhamra,Handysize,Coal,17.09
2026-01-12,Mozambique-Dhamra,Handysize,Coal,17.2
2026-01-13,Mozambique-Dhamra,Handysize,Coal,17.69
2026-01-14,Mozambique-Dhamra,Handysize,Coal,18.51
2026-01-15,Mozambique-Dhamra,Handysize,Coal,17.69
2026-01-16,Mozambique-Dhamra,Handysize,Coal,17.43
2026-01-17,Mozambique-Dhamra,Handysize,Coal,16.19
2026-01-18,Mozambique-Dhamra,Handysize,Coal,17.9
2026-01-19,Mozambique-Dhamra,Handysize,Coal,17.69
2026-01-20,Mozambique-Dhamra,Handysize,Coal,17.61
2026-01-21,Mozambique-Dhamra,Handysize,Coal,18.0
2026-01-22,Mozambique-Dhamra,Handysize,Coal,16.85
2026-01-23,Mozambique-Dhamra,Handysize,Coal,16.93
2026-01-24,Mozambique-Dhamra,Handysize,Coal,16.39
2026-01-25,Mozambique-Dhamra,Handysize,Coal,16.56
2026-01-26,Mozambique-Dhamra,Handysize,Coal,17.47
2026-01-27,Mozambique-Dhamra,Handysize,Coal,16.36
2026-01-28,Mozambique-Dhamra,Handysize,Coal,17.53
2026-01-29,Mozambique-Dhamra,Handysize,Coal,16.64
2026-01-30,Mozambique-Dhamra,Handysize,Coal,15.87
2026-01-31,Mozambique-Dhamra,Handysize,Coal,14.0
2026-02-01,Mozambique-Dhamra,Handysize,Coal,16.31
2026-02-02,Mozambique-Dhamra,Handysize,Coal,16.62
2026-02-03,Mozambique-Dhamra,Handysize,Coal,17.61
2026-02-04,Mozambique-Dhamra,Handysize,Coal,16.67
2026-02-05,Mozambique-Dhamra,Handysize,Coal,16.12
2026-02-06,Mozambique-Dhamra,Handysize,Coal,15.63
2026-02-07,Mozambique-Dhamra,Handysize,Coal,15.48
2026-02-08,Mozambique-Dhamra,Handysize,Coal,16.19
2026-02-09,Mozambique-Dhamra,Handysize,Coal,17.6
2026-02-10,Mozambique-Dhamra,Handysize,Coal,17.27
2026-02-11,Mozambique-Dhamra,Handysize,Coal,16.46
2026-02-12,Mozambique-Dhamra,Handysize,Coal,17.15
2026-02-13,Mozambique-Dhamra,Handysize,Coal,15.42
2026-02-14,Mozambique-Dhamra,Handysize,Coal,16.91
2026-02-15,Mozambique-Dhamra,Handysize,Coal,16.37
2026-02-16,Mozambique-Dhamra,Handysize,Coal,17.5
2026-02-17,Mozambique-Dhamra,Handysize,Coal,15.84
2026-02-18,Mozambique-Dhamra,Handysize,Coal,16.19
2026-02-19,Mozambique-Dhamra,Handysize,Coal,16.79
2026-02-20,Mozambique-Dhamra,Handysize,Coal,16.29
2026-02-21,Mozambique-Dhamra,Handysize,Coal,17.11
2026-02-22,Mozambique-Dhamra,Handysize,Coal,17.24
2026-02-23,Mozambique-Dhamra,Handysize,Coal,16.36
2026-02-24,Mozambique-Dhamra,Handysize,Coal,16.67
2026-02-25,Mozambique-Dhamra,Handysize,Coal,16.44
2026-02-26,Mozambique-Dhamra,Handysize,Coal,15.99
2026-02-27,Mozambique-Dhamra,Handysize,Coal,15.33
2026-02-28,Mozambique-Dhamra,Handysize,Coal,17.04
2026-03-01,Mozambique-Dhamra,Handysize,Coal,17.21
2026-03-02,Mozambique-Dhamra,Handysize,Coal,16.13
2026-03-03,Mozambique-Dhamra,Handysize,Coal,15.51
2026-03-04,Mozambique-Dhamra,Handysize,Coal,15.88
2026-03-05,Mozambique-Dhamra,Handysize,Coal,14.93
2026-03-06,Mozambique-Dhamra,Handysize,Coal,16.81
2026-03-07,Mozambique-Dhamra,Handysize,Coal,15.91
2026-03-08,Mozambique-Dhamra,Handysize,Coal,15.77
2026-03-09,Mozambique-Dhamra,Handysize,Coal,15.78
2026-03-10,Mozambique-Dhamra,Handysize,Coal,16.2
2026-03-11,Mozambique-Dhamra,Handysize,Coal,15.66
2026-03-12,Mozambique-Dhamra,Handysize,Coal,15.37
2026-03-13,Mozambique-Dhamra,Handysize,Coal,15.97
2026-03-14,Mozambique-Dhamra,Handysize,Coal,15.6
2026-03-15,Mozambique-Dhamra,Handysize,Coal,15.58
2026-03-16,Mozambique-Dhamra,Handysize,Coal,16.19
2026-03-17,Mozambique-Dhamra,Handysize,Coal,16.34
2026-03-18,Mozambique-Dhamra,Handysize,Coal,15.94
2026-03-19,Mozambique-Dhamra,Handysize,Coal,14.75
2026-03-20,Mozambique-Dhamra,Handysize,Coal,14.75
2026-03-21,Mozambique-Dhamra,Handysize,Coal,13.68
2026-03-22,Mozambique-Dhamra,Handysize,Coal,14.58
2026-03-23,Mozambique-Dhamra,Handysize,Coal,13.47
2026-03-24,Mozambique-Dhamra,Handysize,Coal,14.75
2026-03-25,Mozambique-Dhamra,Handysize,Coal,15.71
2026-03-26,Mozambique-Dhamra,Handysize,Coal,13.54
2026-03-27,Mozambique-Dhamra,Handysize,Coal,14.36
2026-03-28,Mozambique-Dhamra,Handysize,Coal,14.82
2026-03-29,Mozambique-Dhamra,Handysize,Coal,14.02
2026-03-30,Mozambique-Dhamra,Handysize,Coal,14.64
2026-03-31,Mozambique-Dhamra,Handysize,Coal,16.56
2026-04-01,Mozambique-Dhamra,Handysize,Coal,15.14
2026-04-02,Mozambique-Dhamra,Handysize,Coal,14.35
2026-04-03,Mozambique-Dhamra,Handysize,Coal,12.67
2026-04-04,Mozambique-Dhamra,Handysize,Coal,15.19
2026-04-05,Mozambique-Dhamra,Handysize,Coal,14.32
2026-04-06,Mozambique-Dhamra,Handysize,Coal,13.84
2026-04-07,Mozambique-Dhamra,Handysize,Coal,14.2
2026-04-08,Mozambique-Dhamra,Handysize,Coal,14.47
2026-04-09,Mozambique-Dhamra,Handysize,Coal,13.22
2026-04-10,Mozambique-Dhamra,Handysize,Coal,13.62
2026-04-11,Mozambique-Dhamra,Handysize,Coal,14.38
2026-04-12,Mozambique-Dhamra,Handysize,Coal,14.42
2026-04-13,Mozambique-Dhamra,Handysize,Coal,14.69
2026-04-14,Mozambique-Dhamra,Handysize,Coal,11.95
2026-04-15,Mozambique-Dhamra,Handysize,Coal,14.21
2026-04-16,Mozambique-Dhamra,Handysize,Coal,14.59
2026-04-17,Mozambique-Dhamra,Handysize,Coal,12.07
2026-04-18,Mozambique-Dhamra,Handysize,Coal,12.51
2026-04-19,Mozambique-Dhamra,Handysize,Coal,13.93
2026-04-20,Mozambique-Dhamra,Handysize,Coal,12.39
2026-04-21,Mozambique-Dhamra,Handysize,Coal,14.45
2026-04-22,Mozambique-Dhamra,Handysize,Coal,12.67
2026-04-23,Mozambique-Dhamra,Handysize,Coal,14.03
2026-04-24,Mozambique-Dhamra,Handysize,Coal,12.32
2026-04-25,Mozambique-Dhamra,Handysize,Coal,13.91
2026-04-26,Mozambique-Dhamra,Handysize,Coal,12.68
2026-04-27,Mozambique-Dhamra,Handysize,Coal,14.3
2026-04-28,Mozambique-Dhamra,Handysize,Coal,13.87
2026-04-29,Mozambique-Dhamra,Handysize,Coal,12.59
2026-04-30,Mozambique-Dhamra,Handysize,Coal,14.35
2026-05-01,Mozambique-Dhamra,Handysize,Coal,13.24
2026-05-02,Mozambique-Dhamra,Handysize,Coal,12.92
2026-05-03,Mozambique-Dhamra,Handysize,Coal,12.88
2026-05-04,Mozambique-Dhamra,Handysize,Coal,13.17
2026-05-05,Mozambique-Dhamra,Handysize,Coal,14.14
2026-05-06,Mozambique-Dhamra,Handysize,Coal,13.15
2026-05-07,Mozambique-Dhamra,Handysize,Coal,12.78
2026-05-08,Mozambique-Dhamra,Handysize,Coal,12.05
2026-05-09,Mozambique-Dhamra,Handysize,Coal,12.26
2026-05-10,Mozambique-Dhamra,Handysize,Coal,13.0
2026-05-11,Mozambique-Dhamra,Handysize,Coal,14.44
2026-05-12,Mozambique-Dhamra,Handysize,Coal,13.59
2026-05-13,Mozambique-Dhamra,Handysize,Coal,12.0
2026-05-14,Mozambique-Dhamra,Handysize,Coal,13.07
2026-05-15,Mozambique-Dhamra,Handysize,Coal,12.75
2026-05-16,Mozambique-Dhamra,Handysize,Coal,13.16
2026-05-17,Mozambique-Dhamra,Handysize,Coal,12.64
2026-05-18,Mozambique-Dhamra,Handysize,Coal,13.64
2026-05-19,Mozambique-Dhamra,Handysize,Coal,11.86
2026-05-20,Mozambique-Dhamra,Handysize,Coal,13.47
2026-05-21,Mozambique-Dhamra,Handysize,Coal,12.21
2026-05-22,Mozambique-Dhamra,Handysize,Coal,12.07
2026-05-23,Mozambique-Dhamra,Handysize,Coal,13.9
2026-05-24,Mozambique-Dhamra,Handysize,Coal,12.98
2026-05-25,Mozambique-Dhamra,Handysize,Coal,14.42
2026-05-26,Mozambique-Dhamra,Handysize,Coal,14.43
2026-05-27,Mozambique-Dhamra,Handysize,Coal,12.79
2026-05-28,Mozambique-Dhamra,Handysize,Coal,13.86
2026-05-29,Mozambique-Dhamra,Handysize,Coal,13.48
2026-05-30,Mozambique-Dhamra,Handysize,Coal,12.88
2026-05-31,Mozambique-Dhamra,Handysize,Coal,13.5
2026-06-01,Mozambique-Dhamra,Handysize,Coal,13.81
2026-06-02,Mozambique-Dhamra,Handysize,Coal,13.81
2026-06-03,Mozambique-Dhamra,Handysize,Coal,14.81
2026-06-04,Mozambique-Dhamra,Handysize,Coal,12.63
2026-06-05,Mozambique-Dhamra,Handysize,Coal,14.05
2026-06-06,Mozambique-Dhamra,Handysize,Coal,14.53
2026-06-07,Mozambique-Dhamra,Handysize,Coal,13.58
2026-06-08,Mozambique-Dhamra,Handysize,Coal,15.67
2026-06-09,Mozambique-Dhamra,Handysize,Coal,13.58
2026-06-10,Mozambique-Dhamra,Handysize,Coal,13.6
2026-06-11,Mozambique-Dhamra,Handysize,Coal,14.02
2026-06-12,Mozambique-Dhamra,Handysize,Coal,14.87
2026-06-13,Mozambique-Dhamra,Handysize,Coal,13.39
2026-06-14,Mozambique-Dhamra,Handysize,Coal,13.98
2026-06-15,Mozambique-Dhamra,Handysize,Coal,14.67
2026-06-16,Mozambique-Dhamra,Handysize,Coal,15.06
2026-06-17,Mozambique-Dhamra,Handysize,Coal,15.54
2026-06-18,Mozambique-Dhamra,Handysize,Coal,13.66
2026-06-19,Mozambique-Dhamra,Handysize,Coal,14.07
2026-06-20,Mozambique-Dhamra,Handysize,Coal,13.63
2026-06-21,Mozambique-Dhamra,Handysize,Coal,13.9
2026-06-22,Mozambique-Dhamra,Handysize,Coal,15.47
2026-06-23,Mozambique-Dhamra,Handysize,Coal,14.16
2026-06-24,Mozambique-Dhamra,Handysize,Coal,14.48
2026-06-25,Mozambique-Dhamra,Handysize,Coal,14.02
2026-06-26,Mozambique-Dhamra,Handysize,Coal,14.01
2026-06-27,Mozambique-Dhamra,Handysize,Coal,13.87
2026-06-28,Mozambique-Dhamra,Handysize,Coal,14.37
2026-06-29,Mozambique-Dhamra,Handysize,Coal,14.54
2026-06-30,Mozambique-Dhamra,Handysize,Coal,15.6
2026-07-01,Mozambique-Dhamra,Handysize,Coal,15.6
2026-07-02,Mozambique-Dhamra,Handysize,Coal,14.75
2026-07-03,Mozambique-Dhamra,Handysize,Coal,14.95
2026-07-04,Mozambique-Dhamra,Handysize,Coal,15.84
2026-07-05,Mozambique-Dhamra,Handysize,Coal,15.13
2026-07-06,Mozambique-Dhamra,Handysize,Coal,15.88
2026-07-07,Mozambique-Dhamra,Handysize,Coal,16.2
2026-07-08,Mozambique-Dhamra,Handysize,Coal,15.25
2026-07-09,Mozambique-Dhamra,Handysize,Coal,14.81
2026-07-10,Mozambique-Dhamra,Handysize,Coal,15.55
2026-07-11,Mozambique-Dhamra,Handysize,Coal,14.36
2026-07-12,Mozambique-Dhamra,Handysize,Coal,16.25
2026-07-13,Mozambique-Dhamra,Handysize,Coal,15.78
2026-07-14,Mozambique-Dhamra,Handysize,Coal,15.51
2026-07-15,Mozambique-Dhamra,Handysize,Coal,14.48
2026-07-16,Mozambique-Dhamra,Handysize,Coal,15.08
2026-07-17,Mozambique-Dhamra,Handysize,Coal,13.9
2026-07-18,Mozambique-Dhamra,Handysize,Coal,14.02
2026-07-19,Mozambique-Dhamra,Handysize,Coal,16.36
2026-07-20,Mozambique-Dhamra,Handysize,Coal,15.76
2026-07-21,Mozambique-Dhamra,Handysize,Coal,15.56
2026-07-22,Mozambique-Dhamra,Handysize,Coal,16.91
2026-07-23,Mozambique-Dhamra,Handysize,Coal,15.77
2026-07-24,Mozambique-Dhamra,Handysize,Coal,14.97
2026-07-25,Mozambique-Dhamra,Handysize,Coal,15.5
2026-07-26,Mozambique-Dhamra,Handysize,Coal,15.99
2026-07-27,Mozambique-Dhamra,Handysize,Coal,16.77
2026-07-28,Mozambique-Dhamra,Handysize,Coal,16.16
2026-07-29,Mozambique-Dhamra,Handysize,Coal,15.53
2026-07-30,Mozambique-Dhamra,Handysize,Coal,15.61
2026-07-31,Mozambique-Dhamra,Handysize,Coal,15.37
2026-08-01,Mozambique-Dhamra,Handysize,Coal,14.99
2026-08-02,Mozambique-Dhamra,Handysize,Coal,16.43
2026-08-03,Mozambique-Dhamra,Handysize,Coal,16.84
2026-08-04,Mozambique-Dhamra,Handysize,Coal,15.69
2026-08-05,Mozambique-Dhamra,Handysize,Coal,16.46
2026-08-06,Mozambique-Dhamra,Handysize,Coal,15.19
2026-08-07,Mozambique-Dhamra,Handysize,Coal,15.12
2026-08-08,Mozambique-Dhamra,Handysize,Coal,15.49
2026-08-09,Mozambique-Dhamra,Handysize,Coal,16.44
2026-08-10,Mozambique-Dhamra,Handysize,Coal,17.33
2026-08-11,Mozambique-Dhamra,Handysize,Coal,16.75
2026-08-12,Mozambique-Dhamra,Handysize,Coal,15.23
2026-08-13,Mozambique-Dhamra,Handysize,Coal,15.11
2026-08-14,Mozambique-Dhamra,Handysize,Coal,16.13
2026-08-15,Mozambique-Dhamra,Handysize,Coal,15.61
2026-08-16,Mozambique-Dhamra,Handysize,Coal,15.32
2026-08-17,Mozambique-Dhamra,Handysize,Coal,15.79
2026-08-18,Mozambique-Dhamra,Handysize,Coal,16.17
2026-08-19,Mozambique-Dhamra,Handysize,Coal,15.32
2026-08-20,Mozambique-Dhamra,Handysize,Coal,15.11
2026-08-21,Mozambique-Dhamra,Handysize,Coal,16.31
2026-08-22,Mozambique-Dhamra,Handysize,Coal,16.73
2026-08-23,Mozambique-Dhamra,Handysize,Coal,16.46
2026-08-24,Mozambique-Dhamra,Handysize,Coal,15.76
2026-08-25,Mozambique-Dhamra,Handysize,Coal,16.3
2026-08-26,Mozambique-Dhamra,Handysize,Coal,16.54
2026-08-27,Mozambique-Dhamra,Handysize,Coal,16.35
2026-08-28,Mozambique-Dhamra,Handysize,Coal,16.19
2026-08-29,Mozambique-Dhamra,Handysize,Coal,15.66
2026-08-30,Mozambique-Dhamra,Handysize,Coal,17.06
2026-08-31,Mozambique-Dhamra,Handysize,Coal,17.88
